Agente;Conta;Serviço;Contato;Telefone;Número externo;Protocolo;Canal;Data de Entrada;Data de Atendimento;Primeira Mensagem (Agente);Data de fila;Tempo em Fila;Tempo de Atendimento;Tempo em Pendência;TMIC;TMIA;Status;Tipo;Classificação;Atendimento original;CPF/CNPJ;CPF/CNPJ informado;E-mail;Humor;Tag;Prioritário?;ID_Mailing;CPF entrada chat;E-mail entrada chat;Matrícula;Observação;Ativo/Receptivo?;QIC;QIA;Protocolo dependente;Recorrência;Data de finalização
Ana Martins;Empresa Ficticia Alfa;Serviços Varejo;Cliente Ficticio A;5511910000000;EXT-2026-0001;202600000001;Whatsapp;05/01/2026 08:00:00;05/01/2026 08:00:00;05/01/2026 08:01:00;05/01/2026 08:00:00;00:00:00;00:18:00;00:00:00;00:00:00;00:00:00;Finalizado;Humano;Normal;5000;10000000000;10000000000;cliente001@exemplo-ficticio.com.br;;;Sim;;;;MAT0001;Registro ficticio para estudo academico;Ativo;0;0;202600000000;;05/01/2026 08:18:00
Bruno Lima;Empresa Ficticia Beta;Serviços Varejo;Cliente Ficticio B;5512910000001;EXT-2026-0002;202600000002;Telefone;06/01/2026 11:07:00;06/01/2026 11:08:00;06/01/2026 11:09:00;06/01/2026 11:08:00;00:01:00;00:25:00;00:00:00;00:01:00;00:00:00;Finalizado;Automático;Padrão;;10000000137;;cliente002@exemplo-ficticio.com.br;;;Não;;;;MAT0002;Atendimento ficticio sem dados pessoais reais;Receptivo;1;2;;;06/01/2026 11:33:00
Carla Mendes;Empresa Ficticia Gama;Serviços Varejo;Cliente Ficticio C;5513910000002;EXT-2026-0003;202600000003;E-mail;07/01/2026 14:14:00;07/01/2026 14:17:00;07/01/2026 14:18:00;07/01/2026 14:17:00;00:03:00;00:35:00;00:00:00;00:02:00;00:02:00;Finalizado;Misto;Urgente;;10000000274;;cliente003@exemplo-ficticio.com.br;;;Não;;;;MAT0003;Base criada apenas para testes do tratamento;Receptivo;2;4;;;07/01/2026 14:52:00
Diego Rocha;Empresa Ficticia Alfa;Serviços Varejo;Cliente Ficticio D;5514910000003;EXT-2026-0004;202600000004;Portal;08/01/2026 17:21:00;08/01/2026 17:26:00;08/01/2026 17:27:00;08/01/2026 17:24:00;00:05:00;00:48:00;00:05:00;00:03:00;00:04:00;Transferido;Humano;Normal;;10000000411;;cliente004@exemplo-ficticio.com.br;;;Não;;;;MAT0004;;Ativo;3;6;;Rechamada;08/01/2026 18:19:00
Fernanda Alves;Empresa Ficticia Beta;Serviços Varejo;Cliente Ficticio E;5515910000004;EXT-2026-0005;202600000005;Whatsapp;09/01/2026 10:28:00;09/01/2026 10:36:00;09/01/2026 10:37:00;09/01/2026 10:31:00;00:08:00;01:00:00;00:10:00;00:05:00;00:07:00;Transferido - Desconexão Agente;Automático;Padrão;5004;10000000548;;cliente005@exemplo-ficticio.com.br;;;Não;;;;MAT0005;Registro ficticio para estudo academico;Receptivo;4;8;;Reincidente;09/01/2026 11:46:00
;Empresa Ficticia Gama;Serviços Varejo;Cliente Ficticio A;5516910000005;EXT-2026-0006;202600000006;Telefone;10/01/2026 13:35:00;-;-;10/01/2026 13:38:00;00:12:00;00:00:00;00:15:00;00:08:00;00:10:00;Em atendimento;Misto;Urgente;;10000000685;;cliente006@exemplo-ficticio.com.br;;;Não;;;;MAT0006;Atendimento ficticio sem dados pessoais reais;Receptivo;5;1;202600000005;Recorrente;-
Ana Martins;Empresa Ficticia Alfa;Serviços Varejo;Cliente Ficticio B;5517910000006;EXT-2026-0007;202600000007;E-mail;11/01/2026 16:42:00;11/01/2026 17:07:00;11/01/2026 17:08:00;11/01/2026 16:45:00;00:25:00;01:35:00;00:20:00;00:00:00;00:00:00;Finalizado;Humano;Normal;;10000000822;10000000822;cliente007@exemplo-ficticio.com.br;;;Não;;;;MAT0007;Base criada apenas para testes do tratamento;Ativo;6;3;;;11/01/2026 19:02:00
Bruno Lima;Empresa Ficticia Beta;Serviços Industria;Cliente Ficticio C;5518910000007;EXT-2026-0008;202600000008;Portal;12/01/2026 09:49:00;12/01/2026 10:29:00;12/01/2026 10:30:00;12/01/2026 09:52:00;00:40:00;02:10:00;00:00:00;00:01:00;00:00:00;Finalizado;Automático;Padrão;;10000000959;;cliente008@exemplo-ficticio.com.br;;;Não;;;;MAT0008;;Receptivo;7;5;;;12/01/2026 12:39:00
Carla Mendes;Empresa Ficticia Gama;Serviços Industria;Cliente Ficticio D;5519910000008;EXT-2026-0009;202600000009;Whatsapp;13/01/2026 12:56:00;13/01/2026 14:01:00;13/01/2026 14:02:00;13/01/2026 12:59:00;01:05:00;00:08:00;00:00:00;00:02:00;00:02:00;Finalizado;Misto;Urgente;5008;10000001096;;cliente009@exemplo-ficticio.com.br;;;Não;;;;MAT0009;Registro ficticio para estudo academico;Receptivo;0;7;;;13/01/2026 14:09:00
Diego Rocha;Empresa Ficticia Alfa;Padrao;Cliente Ficticio E;5511910000009;EXT-2026-0010;202600000010;Telefone;14/01/2026 15:03:00;14/01/2026 17:03:00;14/01/2026 17:04:00;14/01/2026 15:06:00;02:00:00;00:12:00;00:00:00;00:03:00;00:04:00;Transferido;Humano;Normal;;10000001233;;cliente010@exemplo-ficticio.com.br;;;Não;;;;MAT0010;Atendimento ficticio sem dados pessoais reais;Ativo;1;0;;Rechamada;14/01/2026 17:15:00
Fernanda Alves;Empresa Ficticia Beta;Serviços Varejo;Cliente Ficticio A;5512910000010;EXT-2026-0011;202600000011;E-mail;15/01/2026 08:10:00;15/01/2026 08:10:00;15/01/2026 08:11:00;15/01/2026 08:10:00;00:00:00;00:18:00;00:05:00;00:05:00;00:07:00;Transferido - Desconexão Agente;Automático;Padrão;;10000001370;;cliente011@exemplo-ficticio.com.br;;;Não;;;;MAT0011;Base criada apenas para testes do tratamento;Receptivo;2;2;202600000010;Reincidente;15/01/2026 08:33:00
;Empresa Ficticia Gama;Serviços Varejo;Cliente Ficticio B;5513910000011;EXT-2026-0012;202600000012;Portal;16/01/2026 11:17:00;-;-;16/01/2026 11:18:00;00:01:00;00:00:00;00:10:00;00:08:00;00:10:00;Em atendimento;Misto;Urgente;;10000001507;;cliente012@exemplo-ficticio.com.br;;;Não;;;;MAT0012;;Receptivo;3;4;;Recorrente;-
Ana Martins;Empresa Ficticia Alfa;Serviços Varejo;Cliente Ficticio C;5514910000012;EXT-2026-0013;202600000013;Whatsapp;17/01/2026 14:24:00;17/01/2026 14:27:00;17/01/2026 14:28:00;17/01/2026 14:27:00;00:03:00;00:35:00;00:15:00;00:00:00;00:00:00;Finalizado;Humano;Normal;5012;10000001644;10000001644;cliente013@exemplo-ficticio.com.br;;;Não;;;;MAT0013;Registro ficticio para estudo academico;Ativo;4;6;;;17/01/2026 15:17:00
Bruno Lima;Empresa Ficticia Beta;Serviços Varejo;Cliente Ficticio D;5515910000013;EXT-2026-0014;202600000014;Telefone;18/01/2026 17:31:00;18/01/2026 17:36:00;18/01/2026 17:37:00;18/01/2026 17:34:00;00:05:00;00:48:00;00:20:00;00:01:00;00:00:00;Finalizado;Automático;Padrão;;10000001781;;cliente014@exemplo-ficticio.com.br;;;Não;;;;MAT0014;Atendimento ficticio sem dados pessoais reais;Receptivo;5;8;;;18/01/2026 18:44:00
Carla Mendes;Empresa Ficticia Gama;Serviços Varejo;Cliente Ficticio E;5516910000014;EXT-2026-0015;202600000015;E-mail;19/01/2026 10:38:00;19/01/2026 10:46:00;19/01/2026 10:47:00;19/01/2026 10:41:00;00:08:00;01:00:00;00:00:00;00:02:00;00:02:00;Finalizado;Misto;Urgente;;10000001918;;cliente015@exemplo-ficticio.com.br;;;Não;;;;MAT0015;Base criada apenas para testes do tratamento;Receptivo;6;1;;;19/01/2026 11:46:00
Diego Rocha;Empresa Ficticia Alfa;Serviços Varejo;Cliente Ficticio A;5517910000015;EXT-2026-0016;202600000016;Portal;20/01/2026 13:45:00;20/01/2026 13:57:00;20/01/2026 13:58:00;20/01/2026 13:48:00;00:12:00;01:15:00;00:00:00;00:03:00;00:04:00;Transferido;Humano;Normal;;10000002055;;cliente016@exemplo-ficticio.com.br;;;Não;;;;MAT0016;;Ativo;7;3;202600000015;Rechamada;20/01/2026 15:12:00
Fernanda Alves;Empresa Ficticia Beta;Serviços Varejo;Cliente Ficticio B;5518910000016;EXT-2026-0017;202600000017;Whatsapp;21/01/2026 16:52:00;21/01/2026 17:17:00;21/01/2026 17:18:00;21/01/2026 16:55:00;00:25:00;01:35:00;00:00:00;00:05:00;00:07:00;Transferido - Desconexão Agente;Automático;Padrão;5016;10000002192;;cliente017@exemplo-ficticio.com.br;;;Não;;;;MAT0017;Registro ficticio para estudo academico;Receptivo;0;5;;Reincidente;21/01/2026 18:52:00
;Empresa Ficticia Gama;Serviços Industria;Cliente Ficticio C;5519910000017;EXT-2026-0018;202600000018;Telefone;22/01/2026 09:59:00;-;-;22/01/2026 10:02:00;00:40:00;00:00:00;00:05:00;00:08:00;00:10:00;Em atendimento;Misto;Urgente;;10000002329;;cliente018@exemplo-ficticio.com.br;;;Sim;;;;MAT0018;Atendimento ficticio sem dados pessoais reais;Receptivo;1;7;;Recorrente;-
Ana Martins;Empresa Ficticia Alfa;Serviços Industria;Cliente Ficticio D;5511910000018;EXT-2026-0019;202600000019;E-mail;23/01/2026 12:06:00;23/01/2026 13:11:00;23/01/2026 13:12:00;23/01/2026 12:09:00;01:05:00;00:08:00;00:10:00;00:00:00;00:00:00;Finalizado;Humano;Normal;;10000002466;10000002466;cliente019@exemplo-ficticio.com.br;;;Não;;;;MAT0019;Base criada apenas para testes do tratamento;Ativo;2;0;;;23/01/2026 13:29:00
Bruno Lima;Empresa Ficticia Beta;Padrao;Cliente Ficticio E;5512910000019;EXT-2026-0020;202600000020;Portal;24/01/2026 15:13:00;24/01/2026 17:13:00;24/01/2026 17:14:00;24/01/2026 15:16:00;02:00:00;00:12:00;00:15:00;00:01:00;00:00:00;Finalizado;Automático;Padrão;;10000002603;;cliente020@exemplo-ficticio.com.br;;;Não;;;;MAT0020;;Receptivo;3;2;;;24/01/2026 17:40:00
Carla Mendes;Empresa Ficticia Gama;Serviços Varejo;Cliente Ficticio A;5513910000020;EXT-2026-0021;202600000021;Whatsapp;25/01/2026 08:20:00;25/01/2026 08:20:00;25/01/2026 08:21:00;25/01/2026 08:20:00;00:00:00;00:18:00;00:20:00;00:02:00;00:02:00;Finalizado;Misto;Urgente;5020;10000002740;;cliente021@exemplo-ficticio.com.br;;;Não;;;;MAT0021;Registro ficticio para estudo academico;Receptivo;4;4;202600000020;;25/01/2026 08:58:00
Diego Rocha;Empresa Ficticia Alfa;Serviços Varejo;Cliente Ficticio B;5514910000021;EXT-2026-0022;202600000022;Telefone;26/01/2026 11:27:00;26/01/2026 11:28:00;26/01/2026 11:29:00;26/01/2026 11:28:00;00:01:00;00:25:00;00:00:00;00:03:00;00:04:00;Transferido;Humano;Normal;;10000002877;;cliente022@exemplo-ficticio.com.br;;;Não;;;;MAT0022;Atendimento ficticio sem dados pessoais reais;Ativo;5;6;;Rechamada;26/01/2026 11:53:00
Fernanda Alves;Empresa Ficticia Beta;Serviços Varejo;Cliente Ficticio C;5515910000022;EXT-2026-0023;202600000023;E-mail;27/01/2026 14:34:00;27/01/2026 14:37:00;27/01/2026 14:38:00;27/01/2026 14:37:00;00:03:00;00:35:00;00:00:00;00:05:00;00:07:00;Transferido - Desconexão Agente;Automático;Padrão;;10000003014;;cliente023@exemplo-ficticio.com.br;;;Não;;;;MAT0023;Base criada apenas para testes do tratamento;Receptivo;6;8;;Reincidente;27/01/2026 15:12:00
;Empresa Ficticia Gama;Serviços Varejo;Cliente Ficticio D;5516910000023;EXT-2026-0024;202600000024;Portal;28/01/2026 17:41:00;-;-;28/01/2026 17:44:00;00:05:00;00:00:00;00:00:00;00:08:00;00:10:00;Em atendimento;Misto;Urgente;;10000003151;;cliente024@exemplo-ficticio.com.br;;;Não;;;;MAT0024;;Receptivo;7;1;;Recorrente;-
Ana Martins;Empresa Ficticia Alfa;Serviços Varejo;Cliente Ficticio E;5517910000024;EXT-2026-0025;202600000025;Whatsapp;29/01/2026 10:48:00;29/01/2026 10:56:00;29/01/2026 10:57:00;29/01/2026 10:51:00;00:08:00;01:00:00;00:05:00;00:00:00;00:00:00;Finalizado;Humano;Normal;5024;10000003288;10000003288;cliente025@exemplo-ficticio.com.br;;;Não;;;;MAT0025;Registro ficticio para estudo academico;Ativo;0;3;;;29/01/2026 12:01:00
Bruno Lima;Empresa Ficticia Beta;Serviços Varejo;Cliente Ficticio A;5518910000025;EXT-2026-0026;202600000026;Telefone;30/01/2026 13:55:00;30/01/2026 14:07:00;30/01/2026 14:08:00;30/01/2026 13:58:00;00:12:00;01:15:00;00:10:00;00:01:00;00:00:00;Finalizado;Automático;Padrão;;10000003425;;cliente026@exemplo-ficticio.com.br;;;Não;;;;MAT0026;Atendimento ficticio sem dados pessoais reais;Receptivo;1;5;202600000025;;30/01/2026 15:32:00
Carla Mendes;Empresa Ficticia Gama;Serviços Varejo;Cliente Ficticio B;5519910000026;EXT-2026-0027;202600000027;E-mail;31/01/2026 16:02:00;31/01/2026 16:27:00;31/01/2026 16:28:00;31/01/2026 16:05:00;00:25:00;01:35:00;00:15:00;00:02:00;00:02:00;Finalizado;Misto;Urgente;;10000003562;;cliente027@exemplo-ficticio.com.br;;;Não;;;;MAT0027;Base criada apenas para testes do tratamento;Receptivo;2;7;;;31/01/2026 18:17:00
Diego Rocha;Empresa Ficticia Alfa;Serviços Industria;Cliente Ficticio C;5511910000027;EXT-2026-0028;202600000028;Portal;01/02/2026 09:09:00;01/02/2026 09:49:00;01/02/2026 09:50:00;01/02/2026 09:12:00;00:40:00;02:10:00;00:20:00;00:03:00;00:04:00;Transferido;Humano;Normal;;10000003699;;cliente028@exemplo-ficticio.com.br;;;Não;;;;MAT0028;;Ativo;3;0;;Rechamada;01/02/2026 12:19:00
Fernanda Alves;Empresa Ficticia Beta;Serviços Industria;Cliente Ficticio D;5512910000028;EXT-2026-0029;202600000029;Whatsapp;02/02/2026 12:16:00;02/02/2026 13:21:00;02/02/2026 13:22:00;02/02/2026 12:19:00;01:05:00;00:08:00;00:00:00;00:05:00;00:07:00;Transferido - Desconexão Agente;Automático;Padrão;5028;10000003836;;cliente029@exemplo-ficticio.com.br;;;Não;;;;MAT0029;Registro ficticio para estudo academico;Receptivo;4;2;;Reincidente;02/02/2026 13:29:00
;Empresa Ficticia Gama;Padrao;Cliente Ficticio E;5513910000029;EXT-2026-0030;202600000030;Telefone;03/02/2026 15:23:00;-;-;03/02/2026 15:26:00;02:00:00;00:00:00;00:00:00;00:08:00;00:10:00;Em atendimento;Misto;Urgente;;10000003973;;cliente030@exemplo-ficticio.com.br;;;Não;;;;MAT0030;Atendimento ficticio sem dados pessoais reais;Receptivo;5;4;;Recorrente;-
Ana Martins;Empresa Ficticia Alfa;Serviços Varejo;Cliente Ficticio A;5514910000030;EXT-2026-0031;202600000031;E-mail;04/02/2026 08:30:00;04/02/2026 08:30:00;04/02/2026 08:31:00;04/02/2026 08:30:00;00:00:00;00:18:00;00:00:00;00:00:00;00:00:00;Finalizado;Humano;Normal;;10000004110;10000004110;cliente031@exemplo-ficticio.com.br;;;Não;;;;MAT0031;Base criada apenas para testes do tratamento;Ativo;6;6;202600000030;;04/02/2026 08:48:00
Bruno Lima;Empresa Ficticia Beta;Serviços Varejo;Cliente Ficticio B;5515910000031;EXT-2026-0032;202600000032;Portal;05/02/2026 11:37:00;05/02/2026 11:38:00;05/02/2026 11:39:00;05/02/2026 11:38:00;00:01:00;00:25:00;00:05:00;00:01:00;00:00:00;Finalizado;Automático;Padrão;;10000004247;;cliente032@exemplo-ficticio.com.br;;;Não;;;;MAT0032;;Receptivo;7;8;;;05/02/2026 12:08:00
Carla Mendes;Empresa Ficticia Gama;Serviços Varejo;Cliente Ficticio C;5516910000032;EXT-2026-0033;202600000033;Whatsapp;06/02/2026 14:44:00;06/02/2026 14:47:00;06/02/2026 14:48:00;06/02/2026 14:47:00;00:03:00;00:35:00;00:10:00;00:02:00;00:02:00;Finalizado;Misto;Urgente;5032;10000004384;;cliente033@exemplo-ficticio.com.br;;;Não;;;;MAT0033;Registro ficticio para estudo academico;Receptivo;0;1;;;06/02/2026 15:32:00
Diego Rocha;Empresa Ficticia Alfa;Serviços Varejo;Cliente Ficticio D;5517910000033;EXT-2026-0034;202600000034;Telefone;07/02/2026 17:51:00;07/02/2026 17:56:00;07/02/2026 17:57:00;07/02/2026 17:54:00;00:05:00;00:48:00;00:15:00;00:03:00;00:04:00;Transferido;Humano;Normal;;10000004521;;cliente034@exemplo-ficticio.com.br;;;Não;;;;MAT0034;Atendimento ficticio sem dados pessoais reais;Ativo;1;3;;Rechamada;07/02/2026 18:59:00
Fernanda Alves;Empresa Ficticia Beta;Serviços Varejo;Cliente Ficticio E;5518910000034;EXT-2026-0035;202600000035;E-mail;08/02/2026 10:58:00;08/02/2026 11:06:00;08/02/2026 11:07:00;08/02/2026 11:01:00;00:08:00;01:00:00;00:20:00;00:05:00;00:07:00;Transferido - Desconexão Agente;Automático;Padrão;;10000004658;;cliente035@exemplo-ficticio.com.br;;;Sim;;;;MAT0035;Base criada apenas para testes do tratamento;Receptivo;2;5;;Reincidente;08/02/2026 12:26:00
;Empresa Ficticia Gama;Serviços Varejo;Cliente Ficticio A;5519910000035;EXT-2026-0036;202600000036;Portal;09/02/2026 13:05:00;-;-;09/02/2026 13:08:00;00:12:00;00:00:00;00:00:00;00:08:00;00:10:00;Em atendimento;Misto;Urgente;;10000004795;;cliente036@exemplo-ficticio.com.br;;;Não;;;;MAT0036;;Receptivo;3;7;202600000035;Recorrente;-
Ana Martins;Empresa Ficticia Alfa;Serviços Varejo;Cliente Ficticio B;5511910000036;EXT-2026-0037;202600000037;Whatsapp;10/02/2026 16:12:00;10/02/2026 16:37:00;10/02/2026 16:38:00;10/02/2026 16:15:00;00:25:00;01:35:00;00:00:00;00:00:00;00:00:00;Finalizado;Humano;Normal;5036;10000004932;10000004932;cliente037@exemplo-ficticio.com.br;;;Não;;;;MAT0037;Registro ficticio para estudo academico;Ativo;4;0;;;10/02/2026 18:12:00
Bruno Lima;Empresa Ficticia Beta;Serviços Industria;Cliente Ficticio C;5512910000037;EXT-2026-0038;202600000038;Telefone;11/02/2026 09:19:00;11/02/2026 09:59:00;11/02/2026 10:00:00;11/02/2026 09:22:00;00:40:00;02:10:00;00:00:00;00:01:00;00:00:00;Finalizado;Automático;Padrão;;10000005069;;cliente038@exemplo-ficticio.com.br;;;Não;;;;MAT0038;Atendimento ficticio sem dados pessoais reais;Receptivo;5;2;;;11/02/2026 12:09:00
Carla Mendes;Empresa Ficticia Gama;Serviços Industria;Cliente Ficticio D;5513910000038;EXT-2026-0039;202600000039;E-mail;12/02/2026 12:26:00;12/02/2026 13:31:00;12/02/2026 13:32:00;12/02/2026 12:29:00;01:05:00;00:08:00;00:05:00;00:02:00;00:02:00;Finalizado;Misto;Urgente;;10000005206;;cliente039@exemplo-ficticio.com.br;;;Não;;;;MAT0039;Base criada apenas para testes do tratamento;Receptivo;6;4;;;12/02/2026 13:44:00
Diego Rocha;Empresa Ficticia Alfa;Padrao;Cliente Ficticio E;5514910000039;EXT-2026-0040;202600000040;Portal;13/02/2026 15:33:00;13/02/2026 17:33:00;13/02/2026 17:34:00;13/02/2026 15:36:00;02:00:00;00:12:00;00:10:00;00:03:00;00:04:00;Transferido;Humano;Normal;;10000005343;;cliente040@exemplo-ficticio.com.br;;;Não;;;;MAT0040;;Ativo;7;6;;Rechamada;13/02/2026 17:55:00
Fernanda Alves;Empresa Ficticia Beta;Serviços Varejo;Cliente Ficticio A;5515910000040;EXT-2026-0041;202600000041;Whatsapp;14/02/2026 08:40:00;14/02/2026 08:40:00;14/02/2026 08:41:00;14/02/2026 08:40:00;00:00:00;00:18:00;00:15:00;00:05:00;00:07:00;Transferido - Desconexão Agente;Automático;Padrão;5040;10000005480;;cliente041@exemplo-ficticio.com.br;;;Não;;;;MAT0041;Registro ficticio para estudo academico;Receptivo;0;8;202600000040;Reincidente;14/02/2026 09:13:00
;Empresa Ficticia Gama;Serviços Varejo;Cliente Ficticio B;5516910000041;EXT-2026-0042;202600000042;Telefone;15/02/2026 11:47:00;-;-;15/02/2026 11:48:00;00:01:00;00:00:00;00:20:00;00:08:00;00:10:00;Em atendimento;Misto;Urgente;;10000005617;;cliente042@exemplo-ficticio.com.br;;;Não;;;;MAT0042;Atendimento ficticio sem dados pessoais reais;Receptivo;1;1;;Recorrente;-
Ana Martins;Empresa Ficticia Alfa;Serviços Varejo;Cliente Ficticio C;5517910000042;EXT-2026-0043;202600000043;E-mail;16/02/2026 14:54:00;16/02/2026 14:57:00;16/02/2026 14:58:00;16/02/2026 14:57:00;00:03:00;00:35:00;00:00:00;00:00:00;00:00:00;Finalizado;Humano;Normal;;10000005754;10000005754;cliente043@exemplo-ficticio.com.br;;;Não;;;;MAT0043;Base criada apenas para testes do tratamento;Ativo;2;3;;;16/02/2026 15:32:00
Bruno Lima;Empresa Ficticia Beta;Serviços Varejo;Cliente Ficticio D;5518910000043;EXT-2026-0044;202600000044;Portal;17/02/2026 17:01:00;17/02/2026 17:06:00;17/02/2026 17:07:00;17/02/2026 17:04:00;00:05:00;00:48:00;00:00:00;00:01:00;00:00:00;Finalizado;Automático;Padrão;;10000005891;;cliente044@exemplo-ficticio.com.br;;;Não;;;;MAT0044;;Receptivo;3;5;;;17/02/2026 17:54:00
Carla Mendes;Empresa Ficticia Gama;Serviços Varejo;Cliente Ficticio E;5519910000044;EXT-2026-0045;202600000045;Whatsapp;18/02/2026 10:08:00;18/02/2026 10:16:00;18/02/2026 10:17:00;18/02/2026 10:11:00;00:08:00;01:00:00;00:00:00;00:02:00;00:02:00;Finalizado;Misto;Urgente;5044;10000006028;;cliente045@exemplo-ficticio.com.br;;;Não;;;;MAT0045;Registro ficticio para estudo academico;Receptivo;4;7;;;18/02/2026 11:16:00
Diego Rocha;Empresa Ficticia Alfa;Serviços Varejo;Cliente Ficticio A;5511910000045;EXT-2026-0046;202600000046;Telefone;19/02/2026 13:15:00;19/02/2026 13:27:00;19/02/2026 13:28:00;19/02/2026 13:18:00;00:12:00;01:15:00;00:05:00;00:03:00;00:04:00;Transferido;Humano;Normal;;10000006165;;cliente046@exemplo-ficticio.com.br;;;Não;;;;MAT0046;Atendimento ficticio sem dados pessoais reais;Ativo;5;0;202600000045;Rechamada;19/02/2026 14:47:00
Fernanda Alves;Empresa Ficticia Beta;Serviços Varejo;Cliente Ficticio B;5512910000046;EXT-2026-0047;202600000047;E-mail;20/02/2026 16:22:00;20/02/2026 16:47:00;20/02/2026 16:48:00;20/02/2026 16:25:00;00:25:00;01:35:00;00:10:00;00:05:00;00:07:00;Transferido - Desconexão Agente;Automático;Padrão;;10000006302;;cliente047@exemplo-ficticio.com.br;;;Não;;;;MAT0047;Base criada apenas para testes do tratamento;Receptivo;6;2;;Reincidente;20/02/2026 18:32:00
;Empresa Ficticia Gama;Serviços Industria;Cliente Ficticio C;5513910000047;EXT-2026-0048;202600000048;Portal;21/02/2026 09:29:00;-;-;21/02/2026 09:32:00;00:40:00;00:00:00;00:15:00;00:08:00;00:10:00;Em atendimento;Misto;Urgente;;10000006439;;cliente048@exemplo-ficticio.com.br;;;Não;;;;MAT0048;;Receptivo;7;4;;Recorrente;-
Ana Martins;Empresa Ficticia Alfa;Serviços Industria;Cliente Ficticio D;5514910000048;EXT-2026-0049;202600000049;Whatsapp;22/02/2026 12:36:00;22/02/2026 13:41:00;22/02/2026 13:42:00;22/02/2026 12:39:00;01:05:00;00:08:00;00:20:00;00:00:00;00:00:00;Finalizado;Humano;Normal;5048;10000006576;10000006576;cliente049@exemplo-ficticio.com.br;;;Não;;;;MAT0049;Registro ficticio para estudo academico;Ativo;0;6;;;22/02/2026 14:09:00
Bruno Lima;Empresa Ficticia Beta;Padrao;Cliente Ficticio E;5515910000049;EXT-2026-0050;202600000050;Telefone;23/02/2026 15:43:00;23/02/2026 17:43:00;23/02/2026 17:44:00;23/02/2026 15:46:00;02:00:00;00:12:00;00:00:00;00:01:00;00:00:00;Finalizado;Automático;Padrão;;10000006713;;cliente050@exemplo-ficticio.com.br;;;Não;;;;MAT0050;Atendimento ficticio sem dados pessoais reais;Receptivo;1;8;;;23/02/2026 17:55:00
Carla Mendes;Empresa Ficticia Gama;Serviços Varejo;Cliente Ficticio A;5516910000050;EXT-2026-0051;202600000051;E-mail;24/02/2026 08:50:00;24/02/2026 08:50:00;24/02/2026 08:51:00;24/02/2026 08:50:00;00:00:00;00:18:00;00:00:00;00:02:00;00:02:00;Finalizado;Misto;Urgente;;10000006850;;cliente051@exemplo-ficticio.com.br;;;Não;;;;MAT0051;Base criada apenas para testes do tratamento;Receptivo;2;1;202600000050;;24/02/2026 09:08:00
Diego Rocha;Empresa Ficticia Alfa;Serviços Varejo;Cliente Ficticio B;5517910000051;EXT-2026-0052;202600000052;Portal;25/02/2026 11:57:00;25/02/2026 11:58:00;25/02/2026 11:59:00;25/02/2026 11:58:00;00:01:00;00:25:00;00:00:00;00:03:00;00:04:00;Transferido;Humano;Normal;;10000006987;;cliente052@exemplo-ficticio.com.br;;;Sim;;;;MAT0052;;Ativo;3;3;;Rechamada;25/02/2026 12:23:00
Fernanda Alves;Empresa Ficticia Beta;Serviços Varejo;Cliente Ficticio C;5518910000052;EXT-2026-0053;202600000053;Whatsapp;26/02/2026 14:04:00;26/02/2026 14:07:00;26/02/2026 14:08:00;26/02/2026 14:07:00;00:03:00;00:35:00;00:05:00;00:05:00;00:07:00;Transferido - Desconexão Agente;Automático;Padrão;5052;10000007124;;cliente053@exemplo-ficticio.com.br;;;Não;;;;MAT0053;Registro ficticio para estudo academico;Receptivo;4;5;;Reincidente;26/02/2026 14:47:00
;Empresa Ficticia Gama;Serviços Varejo;Cliente Ficticio D;5519910000053;EXT-2026-0054;202600000054;Telefone;27/02/2026 17:11:00;-;-;27/02/2026 17:14:00;00:05:00;00:00:00;00:10:00;00:08:00;00:10:00;Em atendimento;Misto;Urgente;;10000007261;;cliente054@exemplo-ficticio.com.br;;;Não;;;;MAT0054;Atendimento ficticio sem dados pessoais reais;Receptivo;5;7;;Recorrente;-
Ana Martins;Empresa Ficticia Alfa;Serviços Varejo;Cliente Ficticio E;5511910000054;EXT-2026-0055;202600000055;E-mail;28/02/2026 10:18:00;28/02/2026 10:26:00;28/02/2026 10:27:00;28/02/2026 10:21:00;00:08:00;01:00:00;00:15:00;00:00:00;00:00:00;Finalizado;Humano;Normal;;10000007398;10000007398;cliente055@exemplo-ficticio.com.br;;;Não;;;;MAT0055;Base criada apenas para testes do tratamento;Ativo;6;0;;;28/02/2026 11:41:00
Bruno Lima;Empresa Ficticia Beta;Serviços Varejo;Cliente Ficticio A;5512910000055;EXT-2026-0056;202600000056;Portal;01/03/2026 13:25:00;01/03/2026 13:37:00;01/03/2026 13:38:00;01/03/2026 13:28:00;00:12:00;01:15:00;00:20:00;00:01:00;00:00:00;Finalizado;Automático;Padrão;;10000007535;;cliente056@exemplo-ficticio.com.br;;;Não;;;;MAT0056;;Receptivo;7;2;202600000055;;01/03/2026 15:12:00
Carla Mendes;Empresa Ficticia Gama;Serviços Varejo;Cliente Ficticio B;5513910000056;EXT-2026-0057;202600000057;Whatsapp;02/03/2026 16:32:00;02/03/2026 16:57:00;02/03/2026 16:58:00;02/03/2026 16:35:00;00:25:00;01:35:00;00:00:00;00:02:00;00:02:00;Finalizado;Misto;Urgente;5056;10000007672;;cliente057@exemplo-ficticio.com.br;;;Não;;;;MAT0057;Registro ficticio para estudo academico;Receptivo;0;4;;;02/03/2026 18:32:00
Diego Rocha;Empresa Ficticia Alfa;Serviços Industria;Cliente Ficticio C;5514910000057;EXT-2026-0058;202600000058;Telefone;03/03/2026 09:39:00;03/03/2026 10:19:00;03/03/2026 10:20:00;03/03/2026 09:42:00;00:40:00;02:10:00;00:00:00;00:03:00;00:04:00;Transferido;Humano;Normal;;10000007809;;cliente058@exemplo-ficticio.com.br;;;Não;;;;MAT0058;Atendimento ficticio sem dados pessoais reais;Ativo;1;6;;Rechamada;03/03/2026 12:29:00
Fernanda Alves;Empresa Ficticia Beta;Serviços Industria;Cliente Ficticio D;5515910000058;EXT-2026-0059;202600000059;E-mail;04/03/2026 12:46:00;04/03/2026 13:51:00;04/03/2026 13:52:00;04/03/2026 12:49:00;01:05:00;00:08:00;00:00:00;00:05:00;00:07:00;Transferido - Desconexão Agente;Automático;Padrão;;10000007946;;cliente059@exemplo-ficticio.com.br;;;Não;;;;MAT0059;Base criada apenas para testes do tratamento;Receptivo;2;8;;Reincidente;04/03/2026 13:59:00
;Empresa Ficticia Gama;Padrao;Cliente Ficticio E;5516910000059;EXT-2026-0060;202600000060;Portal;05/03/2026 15:53:00;-;-;05/03/2026 15:56:00;02:00:00;00:00:00;00:05:00;00:08:00;00:10:00;Em atendimento;Misto;Urgente;;10000008083;;cliente060@exemplo-ficticio.com.br;;;Não;;;;MAT0060;;Receptivo;3;1;;Recorrente;-
Ana Martins;Empresa Ficticia Alfa;Serviços Varejo;Cliente Ficticio A;5517910000060;EXT-2026-0061;202600000061;Whatsapp;06/03/2026 08:00:00;06/03/2026 08:00:00;06/03/2026 08:01:00;06/03/2026 08:00:00;00:00:00;00:18:00;00:10:00;00:00:00;00:00:00;Finalizado;Humano;Normal;5060;10000008220;10000008220;cliente061@exemplo-ficticio.com.br;;;Não;;;;MAT0061;Registro ficticio para estudo academico;Ativo;4;3;202600000060;;06/03/2026 08:28:00
Bruno Lima;Empresa Ficticia Beta;Serviços Varejo;Cliente Ficticio B;5518910000061;EXT-2026-0062;202600000062;Telefone;07/03/2026 11:07:00;07/03/2026 11:08:00;07/03/2026 11:09:00;07/03/2026 11:08:00;00:01:00;00:25:00;00:15:00;00:01:00;00:00:00;Finalizado;Automático;Padrão;;10000008357;;cliente062@exemplo-ficticio.com.br;;;Não;;;;MAT0062;Atendimento ficticio sem dados pessoais reais;Receptivo;5;5;;;07/03/2026 11:48:00
Carla Mendes;Empresa Ficticia Gama;Serviços Varejo;Cliente Ficticio C;5519910000062;EXT-2026-0063;202600000063;E-mail;08/03/2026 14:14:00;08/03/2026 14:17:00;08/03/2026 14:18:00;08/03/2026 14:17:00;00:03:00;00:35:00;00:20:00;00:02:00;00:02:00;Finalizado;Misto;Urgente;;10000008494;;cliente063@exemplo-ficticio.com.br;;;Não;;;;MAT0063;Base criada apenas para testes do tratamento;Receptivo;6;7;;;08/03/2026 15:12:00
Diego Rocha;Empresa Ficticia Alfa;Serviços Varejo;Cliente Ficticio D;5511910000063;EXT-2026-0064;202600000064;Portal;09/03/2026 17:21:00;09/03/2026 17:26:00;09/03/2026 17:27:00;09/03/2026 17:24:00;00:05:00;00:48:00;00:00:00;00:03:00;00:04:00;Transferido;Humano;Normal;;10000008631;;cliente064@exemplo-ficticio.com.br;;;Não;;;;MAT0064;;Ativo;7;0;;Rechamada;09/03/2026 18:14:00
Fernanda Alves;Empresa Ficticia Beta;Serviços Varejo;Cliente Ficticio E;5512910000064;EXT-2026-0065;202600000065;Whatsapp;10/03/2026 10:28:00;10/03/2026 10:36:00;10/03/2026 10:37:00;10/03/2026 10:31:00;00:08:00;01:00:00;00:00:00;00:05:00;00:07:00;Transferido - Desconexão Agente;Automático;Padrão;5064;10000008768;;cliente065@exemplo-ficticio.com.br;;;Não;;;;MAT0065;Registro ficticio para estudo academico;Receptivo;0;2;;Reincidente;10/03/2026 11:36:00
;Empresa Ficticia Gama;Serviços Varejo;Cliente Ficticio A;5513910000065;EXT-2026-0066;202600000066;Telefone;11/03/2026 13:35:00;-;-;11/03/2026 13:38:00;00:12:00;00:00:00;00:00:00;00:08:00;00:10:00;Em atendimento;Misto;Urgente;;10000008905;;cliente066@exemplo-ficticio.com.br;;;Não;;;;MAT0066;Atendimento ficticio sem dados pessoais reais;Receptivo;1;4;202600000065;Recorrente;-
Ana Martins;Empresa Ficticia Alfa;Serviços Varejo;Cliente Ficticio B;5514910000066;EXT-2026-0067;202600000067;E-mail;12/03/2026 16:42:00;12/03/2026 17:07:00;12/03/2026 17:08:00;12/03/2026 16:45:00;00:25:00;01:35:00;00:05:00;00:00:00;00:00:00;Finalizado;Humano;Normal;;10000009042;10000009042;cliente067@exemplo-ficticio.com.br;;;Não;;;;MAT0067;Base criada apenas para testes do tratamento;Ativo;2;6;;;12/03/2026 18:47:00
Bruno Lima;Empresa Ficticia Beta;Serviços Industria;Cliente Ficticio C;5515910000067;EXT-2026-0068;202600000068;Portal;13/03/2026 09:49:00;13/03/2026 10:29:00;13/03/2026 10:30:00;13/03/2026 09:52:00;00:40:00;02:10:00;00:10:00;00:01:00;00:00:00;Finalizado;Automático;Padrão;;10000009179;;cliente068@exemplo-ficticio.com.br;;;Não;;;;MAT0068;;Receptivo;3;8;;;13/03/2026 12:49:00
Carla Mendes;Empresa Ficticia Gama;Serviços Industria;Cliente Ficticio D;5516910000068;EXT-2026-0069;202600000069;Whatsapp;14/03/2026 12:56:00;14/03/2026 14:01:00;14/03/2026 14:02:00;14/03/2026 12:59:00;01:05:00;00:08:00;00:15:00;00:02:00;00:02:00;Finalizado;Misto;Urgente;5068;10000009316;;cliente069@exemplo-ficticio.com.br;;;Sim;;;;MAT0069;Registro ficticio para estudo academico;Receptivo;4;1;;;14/03/2026 14:24:00
Diego Rocha;Empresa Ficticia Alfa;Padrao;Cliente Ficticio E;5517910000069;EXT-2026-0070;202600000070;Telefone;15/03/2026 15:03:00;15/03/2026 17:03:00;15/03/2026 17:04:00;15/03/2026 15:06:00;02:00:00;00:12:00;00:20:00;00:03:00;00:04:00;Transferido;Humano;Normal;;10000009453;;cliente070@exemplo-ficticio.com.br;;;Não;;;;MAT0070;Atendimento ficticio sem dados pessoais reais;Ativo;5;3;;Rechamada;15/03/2026 17:35:00
Fernanda Alves;Empresa Ficticia Beta;Serviços Varejo;Cliente Ficticio A;5518910000070;EXT-2026-0071;202600000071;E-mail;16/03/2026 08:10:00;16/03/2026 08:10:00;16/03/2026 08:11:00;16/03/2026 08:10:00;00:00:00;00:18:00;00:00:00;00:05:00;00:07:00;Transferido - Desconexão Agente;Automático;Padrão;;10000009590;;cliente071@exemplo-ficticio.com.br;;;Não;;;;MAT0071;Base criada apenas para testes do tratamento;Receptivo;6;5;202600000070;Reincidente;16/03/2026 08:28:00
;Empresa Ficticia Gama;Serviços Varejo;Cliente Ficticio B;5519910000071;EXT-2026-0072;202600000072;Portal;17/03/2026 11:17:00;-;-;17/03/2026 11:18:00;00:01:00;00:00:00;00:00:00;00:08:00;00:10:00;Em atendimento;Misto;Urgente;;10000009727;;cliente072@exemplo-ficticio.com.br;;;Não;;;;MAT0072;;Receptivo;7;7;;Recorrente;-
Ana Martins;Empresa Ficticia Alfa;Serviços Varejo;Cliente Ficticio C;5511910000072;EXT-2026-0073;202600000073;Whatsapp;18/03/2026 14:24:00;18/03/2026 14:27:00;18/03/2026 14:28:00;18/03/2026 14:27:00;00:03:00;00:35:00;00:00:00;00:00:00;00:00:00;Finalizado;Humano;Normal;5072;10000009864;10000009864;cliente073@exemplo-ficticio.com.br;;;Não;;;;MAT0073;Registro ficticio para estudo academico;Ativo;0;0;;;18/03/2026 15:02:00
Bruno Lima;Empresa Ficticia Beta;Serviços Varejo;Cliente Ficticio D;5512910000073;EXT-2026-0074;202600000074;Telefone;19/03/2026 17:31:00;19/03/2026 17:36:00;19/03/2026 17:37:00;19/03/2026 17:34:00;00:05:00;00:48:00;00:05:00;00:01:00;00:00:00;Finalizado;Automático;Padrão;;10000010001;;cliente074@exemplo-ficticio.com.br;;;Não;;;;MAT0074;Atendimento ficticio sem dados pessoais reais;Receptivo;1;2;;;19/03/2026 18:29:00
Carla Mendes;Empresa Ficticia Gama;Serviços Varejo;Cliente Ficticio E;5513910000074;EXT-2026-0075;202600000075;E-mail;20/03/2026 10:38:00;20/03/2026 10:46:00;20/03/2026 10:47:00;20/03/2026 10:41:00;00:08:00;01:00:00;00:10:00;00:02:00;00:02:00;Finalizado;Misto;Urgente;;10000010138;;cliente075@exemplo-ficticio.com.br;;;Não;;;;MAT0075;Base criada apenas para testes do tratamento;Receptivo;2;4;;;20/03/2026 11:56:00
Diego Rocha;Empresa Ficticia Alfa;Serviços Varejo;Cliente Ficticio A;5514910000075;EXT-2026-0076;202600000076;Portal;05/01/2026 13:45:00;05/01/2026 13:57:00;05/01/2026 13:58:00;05/01/2026 13:48:00;00:12:00;01:15:00;00:15:00;00:03:00;00:04:00;Transferido;Humano;Normal;;10000010275;;cliente076@exemplo-ficticio.com.br;;;Não;;;;MAT0076;;Ativo;3;6;202600000075;Rechamada;05/01/2026 15:27:00
Fernanda Alves;Empresa Ficticia Beta;Serviços Varejo;Cliente Ficticio B;5515910000076;EXT-2026-0077;202600000077;Whatsapp;06/01/2026 16:52:00;06/01/2026 17:17:00;06/01/2026 17:18:00;06/01/2026 16:55:00;00:25:00;01:35:00;00:20:00;00:05:00;00:07:00;Transferido - Desconexão Agente;Automático;Padrão;5076;10000010412;;cliente077@exemplo-ficticio.com.br;;;Não;;;;MAT0077;Registro ficticio para estudo academico;Receptivo;4;8;;Reincidente;06/01/2026 19:12:00
;Empresa Ficticia Gama;Serviços Industria;Cliente Ficticio C;5516910000077;EXT-2026-0078;202600000078;Telefone;07/01/2026 09:59:00;-;-;07/01/2026 10:02:00;00:40:00;00:00:00;00:00:00;00:08:00;00:10:00;Em atendimento;Misto;Urgente;;10000010549;;cliente078@exemplo-ficticio.com.br;;;Não;;;;MAT0078;Atendimento ficticio sem dados pessoais reais;Receptivo;5;1;;Recorrente;-
Ana Martins;Empresa Ficticia Alfa;Serviços Industria;Cliente Ficticio D;5517910000078;EXT-2026-0079;202600000079;E-mail;08/01/2026 12:06:00;08/01/2026 13:11:00;08/01/2026 13:12:00;08/01/2026 12:09:00;01:05:00;00:08:00;00:00:00;00:00:00;00:00:00;Finalizado;Humano;Normal;;10000010686;10000010686;cliente079@exemplo-ficticio.com.br;;;Não;;;;MAT0079;Base criada apenas para testes do tratamento;Ativo;6;3;;;08/01/2026 13:19:00
Bruno Lima;Empresa Ficticia Beta;Padrao;Cliente Ficticio E;5518910000079;EXT-2026-0080;202600000080;Portal;09/01/2026 15:13:00;09/01/2026 17:13:00;09/01/2026 17:14:00;09/01/2026 15:16:00;02:00:00;00:12:00;00:00:00;00:01:00;00:00:00;Finalizado;Automático;Padrão;;10000010823;;cliente080@exemplo-ficticio.com.br;;;Não;;;;MAT0080;;Receptivo;7;5;;;09/01/2026 17:25:00
Carla Mendes;Empresa Ficticia Gama;Serviços Varejo;Cliente Ficticio A;5519910000080;EXT-2026-0081;202600000081;Whatsapp;10/01/2026 08:20:00;10/01/2026 08:20:00;10/01/2026 08:21:00;10/01/2026 08:20:00;00:00:00;00:18:00;00:05:00;00:02:00;00:02:00;Finalizado;Misto;Urgente;5080;10000010960;;cliente081@exemplo-ficticio.com.br;;;Não;;;;MAT0081;Registro ficticio para estudo academico;Receptivo;0;7;202600000080;;10/01/2026 08:43:00
Diego Rocha;Empresa Ficticia Alfa;Serviços Varejo;Cliente Ficticio B;5511910000081;EXT-2026-0082;202600000082;Telefone;11/01/2026 11:27:00;11/01/2026 11:28:00;11/01/2026 11:29:00;11/01/2026 11:28:00;00:01:00;00:25:00;00:10:00;00:03:00;00:04:00;Transferido;Humano;Normal;;10000011097;;cliente082@exemplo-ficticio.com.br;;;Não;;;;MAT0082;Atendimento ficticio sem dados pessoais reais;Ativo;1;0;;Rechamada;11/01/2026 12:03:00
Fernanda Alves;Empresa Ficticia Beta;Serviços Varejo;Cliente Ficticio C;5512910000082;EXT-2026-0083;202600000083;E-mail;12/01/2026 14:34:00;12/01/2026 14:37:00;12/01/2026 14:38:00;12/01/2026 14:37:00;00:03:00;00:35:00;00:15:00;00:05:00;00:07:00;Transferido - Desconexão Agente;Automático;Padrão;;10000011234;;cliente083@exemplo-ficticio.com.br;;;Não;;;;MAT0083;Base criada apenas para testes do tratamento;Receptivo;2;2;;Reincidente;12/01/2026 15:27:00
;Empresa Ficticia Gama;Serviços Varejo;Cliente Ficticio D;5513910000083;EXT-2026-0084;202600000084;Portal;13/01/2026 17:41:00;-;-;13/01/2026 17:44:00;00:05:00;00:00:00;00:20:00;00:08:00;00:10:00;Em atendimento;Misto;Urgente;;10000011371;;cliente084@exemplo-ficticio.com.br;;;Não;;;;MAT0084;;Receptivo;3;4;;Recorrente;-
Ana Martins;Empresa Ficticia Alfa;Serviços Varejo;Cliente Ficticio E;5514910000084;EXT-2026-0085;202600000085;Whatsapp;14/01/2026 10:48:00;14/01/2026 10:56:00;14/01/2026 10:57:00;14/01/2026 10:51:00;00:08:00;01:00:00;00:00:00;00:00:00;00:00:00;Finalizado;Humano;Normal;5084;10000011508;10000011508;cliente085@exemplo-ficticio.com.br;;;Não;;;;MAT0085;Registro ficticio para estudo academico;Ativo;4;6;;;14/01/2026 11:56:00
Bruno Lima;Empresa Ficticia Beta;Serviços Varejo;Cliente Ficticio A;5515910000085;EXT-2026-0086;202600000086;Telefone;15/01/2026 13:55:00;15/01/2026 14:07:00;15/01/2026 14:08:00;15/01/2026 13:58:00;00:12:00;01:15:00;00:00:00;00:01:00;00:00:00;Finalizado;Automático;Padrão;;10000011645;;cliente086@exemplo-ficticio.com.br;;;Sim;;;;MAT0086;Atendimento ficticio sem dados pessoais reais;Receptivo;5;8;202600000085;;15/01/2026 15:22:00
Carla Mendes;Empresa Ficticia Gama;Serviços Varejo;Cliente Ficticio B;5516910000086;EXT-2026-0087;202600000087;E-mail;16/01/2026 16:02:00;16/01/2026 16:27:00;16/01/2026 16:28:00;16/01/2026 16:05:00;00:25:00;01:35:00;00:00:00;00:02:00;00:02:00;Finalizado;Misto;Urgente;;10000011782;;cliente087@exemplo-ficticio.com.br;;;Não;;;;MAT0087;Base criada apenas para testes do tratamento;Receptivo;6;1;;;16/01/2026 18:02:00
Diego Rocha;Empresa Ficticia Alfa;Serviços Industria;Cliente Ficticio C;5517910000087;EXT-2026-0088;202600000088;Portal;17/01/2026 09:09:00;17/01/2026 09:49:00;17/01/2026 09:50:00;17/01/2026 09:12:00;00:40:00;02:10:00;00:05:00;00:03:00;00:04:00;Transferido;Humano;Normal;;10000011919;;cliente088@exemplo-ficticio.com.br;;;Não;;;;MAT0088;;Ativo;7;3;;Rechamada;17/01/2026 12:04:00
Fernanda Alves;Empresa Ficticia Beta;Serviços Industria;Cliente Ficticio D;5518910000088;EXT-2026-0089;202600000089;Whatsapp;18/01/2026 12:16:00;18/01/2026 13:21:00;18/01/2026 13:22:00;18/01/2026 12:19:00;01:05:00;00:08:00;00:10:00;00:05:00;00:07:00;Transferido - Desconexão Agente;Automático;Padrão;5088;10000012056;;cliente089@exemplo-ficticio.com.br;;;Não;;;;MAT0089;Registro ficticio para estudo academico;Receptivo;0;5;;Reincidente;18/01/2026 13:39:00
;Empresa Ficticia Gama;Padrao;Cliente Ficticio E;5519910000089;EXT-2026-0090;202600000090;Telefone;19/01/2026 15:23:00;-;-;19/01/2026 15:26:00;02:00:00;00:00:00;00:15:00;00:08:00;00:10:00;Em atendimento;Misto;Urgente;;10000012193;;cliente090@exemplo-ficticio.com.br;;;Não;;;;MAT0090;Atendimento ficticio sem dados pessoais reais;Receptivo;1;7;;Recorrente;-
Ana Martins;Empresa Ficticia Alfa;Serviços Varejo;Cliente Ficticio A;5511910000090;EXT-2026-0091;202600000091;E-mail;20/01/2026 08:30:00;20/01/2026 08:30:00;20/01/2026 08:31:00;20/01/2026 08:30:00;00:00:00;00:18:00;00:20:00;00:00:00;00:00:00;Finalizado;Humano;Normal;;10000012330;10000012330;cliente091@exemplo-ficticio.com.br;;;Não;;;;MAT0091;Base criada apenas para testes do tratamento;Ativo;2;0;202600000090;;20/01/2026 09:08:00
Bruno Lima;Empresa Ficticia Beta;Serviços Varejo;Cliente Ficticio B;5512910000091;EXT-2026-0092;202600000092;Portal;21/01/2026 11:37:00;21/01/2026 11:38:00;21/01/2026 11:39:00;21/01/2026 11:38:00;00:01:00;00:25:00;00:00:00;00:01:00;00:00:00;Finalizado;Automático;Padrão;;10000012467;;cliente092@exemplo-ficticio.com.br;;;Não;;;;MAT0092;;Receptivo;3;2;;;21/01/2026 12:03:00
Carla Mendes;Empresa Ficticia Gama;Serviços Varejo;Cliente Ficticio C;5513910000092;EXT-2026-0093;202600000093;Whatsapp;22/01/2026 14:44:00;22/01/2026 14:47:00;22/01/2026 14:48:00;22/01/2026 14:47:00;00:03:00;00:35:00;00:00:00;00:02:00;00:02:00;Finalizado;Misto;Urgente;5092;10000012604;;cliente093@exemplo-ficticio.com.br;;;Não;;;;MAT0093;Registro ficticio para estudo academico;Receptivo;4;4;;;22/01/2026 15:22:00
Diego Rocha;Empresa Ficticia Alfa;Serviços Varejo;Cliente Ficticio D;5514910000093;EXT-2026-0094;202600000094;Telefone;23/01/2026 17:51:00;23/01/2026 17:56:00;23/01/2026 17:57:00;23/01/2026 17:54:00;00:05:00;00:48:00;00:00:00;00:03:00;00:04:00;Transferido;Humano;Normal;;10000012741;;cliente094@exemplo-ficticio.com.br;;;Não;;;;MAT0094;Atendimento ficticio sem dados pessoais reais;Ativo;5;6;;Rechamada;23/01/2026 18:44:00
Fernanda Alves;Empresa Ficticia Beta;Serviços Varejo;Cliente Ficticio E;5515910000094;EXT-2026-0095;202600000095;E-mail;24/01/2026 10:58:00;24/01/2026 11:06:00;24/01/2026 11:07:00;24/01/2026 11:01:00;00:08:00;01:00:00;00:05:00;00:05:00;00:07:00;Transferido - Desconexão Agente;Automático;Padrão;;10000012878;;cliente095@exemplo-ficticio.com.br;;;Não;;;;MAT0095;Base criada apenas para testes do tratamento;Receptivo;6;8;;Reincidente;24/01/2026 12:11:00
;Empresa Ficticia Gama;Serviços Varejo;Cliente Ficticio A;5516910000095;EXT-2026-0096;202600000096;Portal;25/01/2026 13:05:00;-;-;25/01/2026 13:08:00;00:12:00;00:00:00;00:10:00;00:08:00;00:10:00;Em atendimento;Misto;Urgente;;10000013015;;cliente096@exemplo-ficticio.com.br;;;Não;;;;MAT0096;;Receptivo;7;1;202600000095;Recorrente;-
Ana Martins;Empresa Ficticia Alfa;Serviços Varejo;Cliente Ficticio B;5517910000096;EXT-2026-0097;202600000097;Whatsapp;26/01/2026 16:12:00;26/01/2026 16:37:00;26/01/2026 16:38:00;26/01/2026 16:15:00;00:25:00;01:35:00;00:15:00;00:00:00;00:00:00;Finalizado;Humano;Normal;5096;10000013152;10000013152;cliente097@exemplo-ficticio.com.br;;;Não;;;;MAT0097;Registro ficticio para estudo academico;Ativo;0;3;;;26/01/2026 18:27:00
Bruno Lima;Empresa Ficticia Beta;Serviços Industria;Cliente Ficticio C;5518910000097;EXT-2026-0098;202600000098;Telefone;27/01/2026 09:19:00;27/01/2026 09:59:00;27/01/2026 10:00:00;27/01/2026 09:22:00;00:40:00;02:10:00;00:20:00;00:01:00;00:00:00;Finalizado;Automático;Padrão;;10000013289;;cliente098@exemplo-ficticio.com.br;;;Não;;;;MAT0098;Atendimento ficticio sem dados pessoais reais;Receptivo;1;5;;;27/01/2026 12:29:00
Carla Mendes;Empresa Ficticia Gama;Serviços Industria;Cliente Ficticio D;5519910000098;EXT-2026-0099;202600000099;E-mail;28/01/2026 12:26:00;28/01/2026 13:31:00;28/01/2026 13:32:00;28/01/2026 12:29:00;01:05:00;00:08:00;00:00:00;00:02:00;00:02:00;Finalizado;Misto;Urgente;;10000013426;;cliente099@exemplo-ficticio.com.br;;;Não;;;;MAT0099;Base criada apenas para testes do tratamento;Receptivo;2;7;;;28/01/2026 13:39:00
Diego Rocha;Empresa Ficticia Alfa;Padrao;Cliente Ficticio E;5511910000099;EXT-2026-0100;202600000100;Portal;29/01/2026 15:33:00;29/01/2026 17:33:00;29/01/2026 17:34:00;29/01/2026 15:36:00;02:00:00;00:12:00;00:00:00;00:03:00;00:04:00;Transferido;Humano;Normal;;10000013563;;cliente100@exemplo-ficticio.com.br;;;Não;;;;MAT0100;;Ativo;3;0;;Rechamada;29/01/2026 17:45:00
Fernanda Alves;Empresa Ficticia Beta;Serviços Varejo;Cliente Ficticio A;5512910000100;EXT-2026-0101;202600000101;Whatsapp;30/01/2026 08:40:00;30/01/2026 08:40:00;30/01/2026 08:41:00;30/01/2026 08:40:00;00:00:00;00:18:00;00:00:00;00:05:00;00:07:00;Transferido - Desconexão Agente;Automático;Padrão;5100;10000013700;;cliente101@exemplo-ficticio.com.br;;;Não;;;;MAT0101;Registro ficticio para estudo academico;Receptivo;4;2;202600000100;Reincidente;30/01/2026 08:58:00
;Empresa Ficticia Gama;Serviços Varejo;Cliente Ficticio B;5513910000101;EXT-2026-0102;202600000102;Telefone;31/01/2026 11:47:00;-;-;31/01/2026 11:48:00;00:01:00;00:00:00;00:05:00;00:08:00;00:10:00;Em atendimento;Misto;Urgente;;10000013837;;cliente102@exemplo-ficticio.com.br;;;Não;;;;MAT0102;Atendimento ficticio sem dados pessoais reais;Receptivo;5;4;;Recorrente;-
Ana Martins;Empresa Ficticia Alfa;Serviços Varejo;Cliente Ficticio C;5514910000102;EXT-2026-0103;202600000103;E-mail;01/02/2026 14:54:00;01/02/2026 14:57:00;01/02/2026 14:58:00;01/02/2026 14:57:00;00:03:00;00:35:00;00:10:00;00:00:00;00:00:00;Finalizado;Humano;Normal;;10000013974;10000013974;cliente103@exemplo-ficticio.com.br;;;Sim;;;;MAT0103;Base criada apenas para testes do tratamento;Ativo;6;6;;;01/02/2026 15:42:00
Bruno Lima;Empresa Ficticia Beta;Serviços Varejo;Cliente Ficticio D;5515910000103;EXT-2026-0104;202600000104;Portal;02/02/2026 17:01:00;02/02/2026 17:06:00;02/02/2026 17:07:00;02/02/2026 17:04:00;00:05:00;00:48:00;00:15:00;00:01:00;00:00:00;Finalizado;Automático;Padrão;;10000014111;;cliente104@exemplo-ficticio.com.br;;;Não;;;;MAT0104;;Receptivo;7;8;;;02/02/2026 18:09:00
Carla Mendes;Empresa Ficticia Gama;Serviços Varejo;Cliente Ficticio E;5516910000104;EXT-2026-0105;202600000105;Whatsapp;03/02/2026 10:08:00;03/02/2026 10:16:00;03/02/2026 10:17:00;03/02/2026 10:11:00;00:08:00;01:00:00;00:20:00;00:02:00;00:02:00;Finalizado;Misto;Urgente;5104;10000014248;;cliente105@exemplo-ficticio.com.br;;;Não;;;;MAT0105;Registro ficticio para estudo academico;Receptivo;0;1;;;03/02/2026 11:36:00
Diego Rocha;Empresa Ficticia Alfa;Serviços Varejo;Cliente Ficticio A;5517910000105;EXT-2026-0106;202600000106;Telefone;04/02/2026 13:15:00;04/02/2026 13:27:00;04/02/2026 13:28:00;04/02/2026 13:18:00;00:12:00;01:15:00;00:00:00;00:03:00;00:04:00;Transferido;Humano;Normal;;10000014385;;cliente106@exemplo-ficticio.com.br;;;Não;;;;MAT0106;Atendimento ficticio sem dados pessoais reais;Ativo;1;3;202600000105;Rechamada;04/02/2026 14:42:00
Fernanda Alves;Empresa Ficticia Beta;Serviços Varejo;Cliente Ficticio B;5518910000106;EXT-2026-0107;202600000107;E-mail;05/02/2026 16:22:00;05/02/2026 16:47:00;05/02/2026 16:48:00;05/02/2026 16:25:00;00:25:00;01:35:00;00:00:00;00:05:00;00:07:00;Transferido - Desconexão Agente;Automático;Padrão;;10000014522;;cliente107@exemplo-ficticio.com.br;;;Não;;;;MAT0107;Base criada apenas para testes do tratamento;Receptivo;2;5;;Reincidente;05/02/2026 18:22:00
;Empresa Ficticia Gama;Serviços Industria;Cliente Ficticio C;5519910000107;EXT-2026-0108;202600000108;Portal;06/02/2026 09:29:00;-;-;06/02/2026 09:32:00;00:40:00;00:00:00;00:00:00;00:08:00;00:10:00;Em atendimento;Misto;Urgente;;10000014659;;cliente108@exemplo-ficticio.com.br;;;Não;;;;MAT0108;;Receptivo;3;7;;Recorrente;-
Ana Martins;Empresa Ficticia Alfa;Serviços Industria;Cliente Ficticio D;5511910000108;EXT-2026-0109;202600000109;Whatsapp;07/02/2026 12:36:00;07/02/2026 13:41:00;07/02/2026 13:42:00;07/02/2026 12:39:00;01:05:00;00:08:00;00:05:00;00:00:00;00:00:00;Finalizado;Humano;Normal;5108;10000014796;10000014796;cliente109@exemplo-ficticio.com.br;;;Não;;;;MAT0109;Registro ficticio para estudo academico;Ativo;4;0;;;07/02/2026 13:54:00
Bruno Lima;Empresa Ficticia Beta;Padrao;Cliente Ficticio E;5512910000109;EXT-2026-0110;202600000110;Telefone;08/02/2026 15:43:00;08/02/2026 17:43:00;08/02/2026 17:44:00;08/02/2026 15:46:00;02:00:00;00:12:00;00:10:00;00:01:00;00:00:00;Finalizado;Automático;Padrão;;10000014933;;cliente110@exemplo-ficticio.com.br;;;Não;;;;MAT0110;Atendimento ficticio sem dados pessoais reais;Receptivo;5;2;;;08/02/2026 18:05:00
Carla Mendes;Empresa Ficticia Gama;Serviços Varejo;Cliente Ficticio A;5513910000110;EXT-2026-0111;202600000111;E-mail;09/02/2026 08:50:00;09/02/2026 08:50:00;09/02/2026 08:51:00;09/02/2026 08:50:00;00:00:00;00:18:00;00:15:00;00:02:00;00:02:00;Finalizado;Misto;Urgente;;10000015070;;cliente111@exemplo-ficticio.com.br;;;Não;;;;MAT0111;Base criada apenas para testes do tratamento;Receptivo;6;4;202600000110;;09/02/2026 09:23:00
Diego Rocha;Empresa Ficticia Alfa;Serviços Varejo;Cliente Ficticio B;5514910000111;EXT-2026-0112;202600000112;Portal;10/02/2026 11:57:00;10/02/2026 11:58:00;10/02/2026 11:59:00;10/02/2026 11:58:00;00:01:00;00:25:00;00:20:00;00:03:00;00:04:00;Transferido;Humano;Normal;;10000015207;;cliente112@exemplo-ficticio.com.br;;;Não;;;;MAT0112;;Ativo;7;6;;Rechamada;10/02/2026 12:43:00
Fernanda Alves;Empresa Ficticia Beta;Serviços Varejo;Cliente Ficticio C;5515910000112;EXT-2026-0113;202600000113;Whatsapp;11/02/2026 14:04:00;11/02/2026 14:07:00;11/02/2026 14:08:00;11/02/2026 14:07:00;00:03:00;00:35:00;00:00:00;00:05:00;00:07:00;Transferido - Desconexão Agente;Automático;Padrão;5112;10000015344;;cliente113@exemplo-ficticio.com.br;;;Não;;;;MAT0113;Registro ficticio para estudo academico;Receptivo;0;8;;Reincidente;11/02/2026 14:42:00
;Empresa Ficticia Gama;Serviços Varejo;Cliente Ficticio D;5516910000113;EXT-2026-0114;202600000114;Telefone;12/02/2026 17:11:00;-;-;12/02/2026 17:14:00;00:05:00;00:00:00;00:00:00;00:08:00;00:10:00;Em atendimento;Misto;Urgente;;10000015481;;cliente114@exemplo-ficticio.com.br;;;Não;;;;MAT0114;Atendimento ficticio sem dados pessoais reais;Receptivo;1;1;;Recorrente;-
Ana Martins;Empresa Ficticia Alfa;Serviços Varejo;Cliente Ficticio E;5517910000114;EXT-2026-0115;202600000115;E-mail;13/02/2026 10:18:00;13/02/2026 10:26:00;13/02/2026 10:27:00;13/02/2026 10:21:00;00:08:00;01:00:00;00:00:00;00:00:00;00:00:00;Finalizado;Humano;Normal;;10000015618;10000015618;cliente115@exemplo-ficticio.com.br;;;Não;;;;MAT0115;Base criada apenas para testes do tratamento;Ativo;2;3;;;13/02/2026 11:26:00
Bruno Lima;Empresa Ficticia Beta;Serviços Varejo;Cliente Ficticio A;5518910000115;EXT-2026-0116;202600000116;Portal;14/02/2026 13:25:00;14/02/2026 13:37:00;14/02/2026 13:38:00;14/02/2026 13:28:00;00:12:00;01:15:00;00:05:00;00:01:00;00:00:00;Finalizado;Automático;Padrão;;10000015755;;cliente116@exemplo-ficticio.com.br;;;Não;;;;MAT0116;;Receptivo;3;5;202600000115;;14/02/2026 14:57:00
Carla Mendes;Empresa Ficticia Gama;Serviços Varejo;Cliente Ficticio B;5519910000116;EXT-2026-0117;202600000117;Whatsapp;15/02/2026 16:32:00;15/02/2026 16:57:00;15/02/2026 16:58:00;15/02/2026 16:35:00;00:25:00;01:35:00;00:10:00;00:02:00;00:02:00;Finalizado;Misto;Urgente;5116;10000015892;;cliente117@exemplo-ficticio.com.br;;;Não;;;;MAT0117;Registro ficticio para estudo academico;Receptivo;4;7;;;15/02/2026 18:42:00
Diego Rocha;Empresa Ficticia Alfa;Serviços Industria;Cliente Ficticio C;5511910000117;EXT-2026-0118;202600000118;Telefone;16/02/2026 09:39:00;16/02/2026 10:19:00;16/02/2026 10:20:00;16/02/2026 09:42:00;00:40:00;02:10:00;00:15:00;00:03:00;00:04:00;Transferido;Humano;Normal;;10000016029;;cliente118@exemplo-ficticio.com.br;;;Não;;;;MAT0118;Atendimento ficticio sem dados pessoais reais;Ativo;5;0;;Rechamada;16/02/2026 12:44:00
Fernanda Alves;Empresa Ficticia Beta;Serviços Industria;Cliente Ficticio D;5512910000118;EXT-2026-0119;202600000119;E-mail;17/02/2026 12:46:00;17/02/2026 13:51:00;17/02/2026 13:52:00;17/02/2026 12:49:00;01:05:00;00:08:00;00:20:00;00:05:00;00:07:00;Transferido - Desconexão Agente;Automático;Padrão;;10000016166;;cliente119@exemplo-ficticio.com.br;;;Não;;;;MAT0119;Base criada apenas para testes do tratamento;Receptivo;6;2;;Reincidente;17/02/2026 14:19:00
;Empresa Ficticia Gama;Padrao;Cliente Ficticio E;5513910000119;EXT-2026-0120;202600000120;Portal;18/02/2026 15:53:00;-;-;18/02/2026 15:56:00;02:00:00;00:00:00;00:00:00;00:08:00;00:10:00;Em atendimento;Misto;Urgente;;10000016303;;cliente120@exemplo-ficticio.com.br;;;Sim;;;;MAT0120;;Receptivo;7;4;;Recorrente;-
Ana Martins;Empresa Ficticia Alfa;Serviços Varejo;Cliente Ficticio A;5514910000120;EXT-2026-0121;202600000121;Whatsapp;19/02/2026 08:00:00;19/02/2026 08:00:00;19/02/2026 08:01:00;19/02/2026 08:00:00;00:00:00;00:18:00;00:00:00;00:00:00;00:00:00;Finalizado;Humano;Normal;5120;10000016440;10000016440;cliente121@exemplo-ficticio.com.br;;;Não;;;;MAT0121;Registro ficticio para estudo academico;Ativo;0;6;202600000120;;19/02/2026 08:18:00
Bruno Lima;Empresa Ficticia Beta;Serviços Varejo;Cliente Ficticio B;5515910000121;EXT-2026-0122;202600000122;Telefone;20/02/2026 11:07:00;20/02/2026 11:08:00;20/02/2026 11:09:00;20/02/2026 11:08:00;00:01:00;00:25:00;00:00:00;00:01:00;00:00:00;Finalizado;Automático;Padrão;;10000016577;;cliente122@exemplo-ficticio.com.br;;;Não;;;;MAT0122;Atendimento ficticio sem dados pessoais reais;Receptivo;1;8;;;20/02/2026 11:33:00
Carla Mendes;Empresa Ficticia Gama;Serviços Varejo;Cliente Ficticio C;5516910000122;EXT-2026-0123;202600000123;E-mail;21/02/2026 14:14:00;21/02/2026 14:17:00;21/02/2026 14:18:00;21/02/2026 14:17:00;00:03:00;00:35:00;00:05:00;00:02:00;00:02:00;Finalizado;Misto;Urgente;;10000016714;;cliente123@exemplo-ficticio.com.br;;;Não;;;;MAT0123;Base criada apenas para testes do tratamento;Receptivo;2;1;;;21/02/2026 14:57:00
Diego Rocha;Empresa Ficticia Alfa;Serviços Varejo;Cliente Ficticio D;5517910000123;EXT-2026-0124;202600000124;Portal;22/02/2026 17:21:00;22/02/2026 17:26:00;22/02/2026 17:27:00;22/02/2026 17:24:00;00:05:00;00:48:00;00:10:00;00:03:00;00:04:00;Transferido;Humano;Normal;;10000016851;;cliente124@exemplo-ficticio.com.br;;;Não;;;;MAT0124;;Ativo;3;3;;Rechamada;22/02/2026 18:24:00
Fernanda Alves;Empresa Ficticia Beta;Serviços Varejo;Cliente Ficticio E;5518910000124;EXT-2026-0125;202600000125;Whatsapp;23/02/2026 10:28:00;23/02/2026 10:36:00;23/02/2026 10:37:00;23/02/2026 10:31:00;00:08:00;01:00:00;00:15:00;00:05:00;00:07:00;Transferido - Desconexão Agente;Automático;Padrão;5124;10000016988;;cliente125@exemplo-ficticio.com.br;;;Não;;;;MAT0125;Registro ficticio para estudo academico;Receptivo;4;5;;Reincidente;23/02/2026 11:51:00
;Empresa Ficticia Gama;Serviços Varejo;Cliente Ficticio A;5519910000125;EXT-2026-0126;202600000126;Telefone;24/02/2026 13:35:00;-;-;24/02/2026 13:38:00;00:12:00;00:00:00;00:20:00;00:08:00;00:10:00;Em atendimento;Misto;Urgente;;10000017125;;cliente126@exemplo-ficticio.com.br;;;Não;;;;MAT0126;Atendimento ficticio sem dados pessoais reais;Receptivo;5;7;202600000125;Recorrente;-
Ana Martins;Empresa Ficticia Alfa;Serviços Varejo;Cliente Ficticio B;5511910000126;EXT-2026-0127;202600000127;E-mail;25/02/2026 16:42:00;25/02/2026 17:07:00;25/02/2026 17:08:00;25/02/2026 16:45:00;00:25:00;01:35:00;00:00:00;00:00:00;00:00:00;Finalizado;Humano;Normal;;10000017262;10000017262;cliente127@exemplo-ficticio.com.br;;;Não;;;;MAT0127;Base criada apenas para testes do tratamento;Ativo;6;0;;;25/02/2026 18:42:00
Bruno Lima;Empresa Ficticia Beta;Serviços Industria;Cliente Ficticio C;5512910000127;EXT-2026-0128;202600000128;Portal;26/02/2026 09:49:00;26/02/2026 10:29:00;26/02/2026 10:30:00;26/02/2026 09:52:00;00:40:00;02:10:00;00:00:00;00:01:00;00:00:00;Finalizado;Automático;Padrão;;10000017399;;cliente128@exemplo-ficticio.com.br;;;Não;;;;MAT0128;;Receptivo;7;2;;;26/02/2026 12:39:00
Carla Mendes;Empresa Ficticia Gama;Serviços Industria;Cliente Ficticio D;5513910000128;EXT-2026-0129;202600000129;Whatsapp;27/02/2026 12:56:00;27/02/2026 14:01:00;27/02/2026 14:02:00;27/02/2026 12:59:00;01:05:00;00:08:00;00:00:00;00:02:00;00:02:00;Finalizado;Misto;Urgente;5128;10000017536;;cliente129@exemplo-ficticio.com.br;;;Não;;;;MAT0129;Registro ficticio para estudo academico;Receptivo;0;4;;;27/02/2026 14:09:00
Diego Rocha;Empresa Ficticia Alfa;Padrao;Cliente Ficticio E;5514910000129;EXT-2026-0130;202600000130;Telefone;28/02/2026 15:03:00;28/02/2026 17:03:00;28/02/2026 17:04:00;28/02/2026 15:06:00;02:00:00;00:12:00;00:05:00;00:03:00;00:04:00;Transferido;Humano;Normal;;10000017673;;cliente130@exemplo-ficticio.com.br;;;Não;;;;MAT0130;Atendimento ficticio sem dados pessoais reais;Ativo;1;6;;Rechamada;28/02/2026 17:20:00
Fernanda Alves;Empresa Ficticia Beta;Serviços Varejo;Cliente Ficticio A;5515910000130;EXT-2026-0131;202600000131;E-mail;01/03/2026 08:10:00;01/03/2026 08:10:00;01/03/2026 08:11:00;01/03/2026 08:10:00;00:00:00;00:18:00;00:10:00;00:05:00;00:07:00;Transferido - Desconexão Agente;Automático;Padrão;;10000017810;;cliente131@exemplo-ficticio.com.br;;;Não;;;;MAT0131;Base criada apenas para testes do tratamento;Receptivo;2;8;202600000130;Reincidente;01/03/2026 08:38:00
;Empresa Ficticia Gama;Serviços Varejo;Cliente Ficticio B;5516910000131;EXT-2026-0132;202600000132;Portal;02/03/2026 11:17:00;-;-;02/03/2026 11:18:00;00:01:00;00:00:00;00:15:00;00:08:00;00:10:00;Em atendimento;Misto;Urgente;;10000017947;;cliente132@exemplo-ficticio.com.br;;;Não;;;;MAT0132;;Receptivo;3;1;;Recorrente;-
Ana Martins;Empresa Ficticia Alfa;Serviços Varejo;Cliente Ficticio C;5517910000132;EXT-2026-0133;202600000133;Whatsapp;03/03/2026 14:24:00;03/03/2026 14:27:00;03/03/2026 14:28:00;03/03/2026 14:27:00;00:03:00;00:35:00;00:20:00;00:00:00;00:00:00;Finalizado;Humano;Normal;5132;10000018084;10000018084;cliente133@exemplo-ficticio.com.br;;;Não;;;;MAT0133;Registro ficticio para estudo academico;Ativo;4;3;;;03/03/2026 15:22:00
Bruno Lima;Empresa Ficticia Beta;Serviços Varejo;Cliente Ficticio D;5518910000133;EXT-2026-0134;202600000134;Telefone;04/03/2026 17:31:00;04/03/2026 17:36:00;04/03/2026 17:37:00;04/03/2026 17:34:00;00:05:00;00:48:00;00:00:00;00:01:00;00:00:00;Finalizado;Automático;Padrão;;10000018221;;cliente134@exemplo-ficticio.com.br;;;Não;;;;MAT0134;Atendimento ficticio sem dados pessoais reais;Receptivo;5;5;;;04/03/2026 18:24:00
Carla Mendes;Empresa Ficticia Gama;Serviços Varejo;Cliente Ficticio E;5519910000134;EXT-2026-0135;202600000135;E-mail;05/03/2026 10:38:00;05/03/2026 10:46:00;05/03/2026 10:47:00;05/03/2026 10:41:00;00:08:00;01:00:00;00:00:00;00:02:00;00:02:00;Finalizado;Misto;Urgente;;10000018358;;cliente135@exemplo-ficticio.com.br;;;Não;;;;MAT0135;Base criada apenas para testes do tratamento;Receptivo;6;7;;;05/03/2026 11:46:00
Diego Rocha;Empresa Ficticia Alfa;Serviços Varejo;Cliente Ficticio A;5511910000135;EXT-2026-0136;202600000136;Portal;06/03/2026 13:45:00;06/03/2026 13:57:00;06/03/2026 13:58:00;06/03/2026 13:48:00;00:12:00;01:15:00;00:00:00;00:03:00;00:04:00;Transferido;Humano;Normal;;10000018495;;cliente136@exemplo-ficticio.com.br;;;Não;;;;MAT0136;;Ativo;7;0;202600000135;Rechamada;06/03/2026 15:12:00
Fernanda Alves;Empresa Ficticia Beta;Serviços Varejo;Cliente Ficticio B;5512910000136;EXT-2026-0137;202600000137;Whatsapp;07/03/2026 16:52:00;07/03/2026 17:17:00;07/03/2026 17:18:00;07/03/2026 16:55:00;00:25:00;01:35:00;00:05:00;00:05:00;00:07:00;Transferido - Desconexão Agente;Automático;Padrão;5136;10000018632;;cliente137@exemplo-ficticio.com.br;;;Sim;;;;MAT0137;Registro ficticio para estudo academico;Receptivo;0;2;;Reincidente;07/03/2026 18:57:00
;Empresa Ficticia Gama;Serviços Industria;Cliente Ficticio C;5513910000137;EXT-2026-0138;202600000138;Telefone;08/03/2026 09:59:00;-;-;08/03/2026 10:02:00;00:40:00;00:00:00;00:10:00;00:08:00;00:10:00;Em atendimento;Misto;Urgente;;10000018769;;cliente138@exemplo-ficticio.com.br;;;Não;;;;MAT0138;Atendimento ficticio sem dados pessoais reais;Receptivo;1;4;;Recorrente;-
Ana Martins;Empresa Ficticia Alfa;Serviços Industria;Cliente Ficticio D;5514910000138;EXT-2026-0139;202600000139;E-mail;09/03/2026 12:06:00;09/03/2026 13:11:00;09/03/2026 13:12:00;09/03/2026 12:09:00;01:05:00;00:08:00;00:15:00;00:00:00;00:00:00;Finalizado;Humano;Normal;;10000018906;10000018906;cliente139@exemplo-ficticio.com.br;;;Não;;;;MAT0139;Base criada apenas para testes do tratamento;Ativo;2;6;;;09/03/2026 13:34:00
Bruno Lima;Empresa Ficticia Beta;Padrao;Cliente Ficticio E;5515910000139;EXT-2026-0140;202600000140;Portal;10/03/2026 15:13:00;10/03/2026 17:13:00;10/03/2026 17:14:00;10/03/2026 15:16:00;02:00:00;00:12:00;00:20:00;00:01:00;00:00:00;Finalizado;Automático;Padrão;;10000019043;;cliente140@exemplo-ficticio.com.br;;;Não;;;;MAT0140;;Receptivo;3;8;;;10/03/2026 17:45:00
Carla Mendes;Empresa Ficticia Gama;Serviços Varejo;Cliente Ficticio A;5516910000140;EXT-2026-0141;202600000141;Whatsapp;11/03/2026 08:20:00;11/03/2026 08:20:00;11/03/2026 08:21:00;11/03/2026 08:20:00;00:00:00;00:18:00;00:00:00;00:02:00;00:02:00;Finalizado;Misto;Urgente;5140;10000019180;;cliente141@exemplo-ficticio.com.br;;;Não;;;;MAT0141;Registro ficticio para estudo academico;Receptivo;4;1;202600000140;;11/03/2026 08:38:00
Diego Rocha;Empresa Ficticia Alfa;Serviços Varejo;Cliente Ficticio B;5517910000141;EXT-2026-0142;202600000142;Telefone;12/03/2026 11:27:00;12/03/2026 11:28:00;12/03/2026 11:29:00;12/03/2026 11:28:00;00:01:00;00:25:00;00:00:00;00:03:00;00:04:00;Transferido;Humano;Normal;;10000019317;;cliente142@exemplo-ficticio.com.br;;;Não;;;;MAT0142;Atendimento ficticio sem dados pessoais reais;Ativo;5;3;;Rechamada;12/03/2026 11:53:00
Fernanda Alves;Empresa Ficticia Beta;Serviços Varejo;Cliente Ficticio C;5518910000142;EXT-2026-0143;202600000143;E-mail;13/03/2026 14:34:00;13/03/2026 14:37:00;13/03/2026 14:38:00;13/03/2026 14:37:00;00:03:00;00:35:00;00:00:00;00:05:00;00:07:00;Transferido - Desconexão Agente;Automático;Padrão;;10000019454;;cliente143@exemplo-ficticio.com.br;;;Não;;;;MAT0143;Base criada apenas para testes do tratamento;Receptivo;6;5;;Reincidente;13/03/2026 15:12:00
;Empresa Ficticia Gama;Serviços Varejo;Cliente Ficticio D;5519910000143;EXT-2026-0144;202600000144;Portal;14/03/2026 17:41:00;-;-;14/03/2026 17:44:00;00:05:00;00:00:00;00:05:00;00:08:00;00:10:00;Em atendimento;Misto;Urgente;;10000019591;;cliente144@exemplo-ficticio.com.br;;;Não;;;;MAT0144;;Receptivo;7;7;;Recorrente;-
Ana Martins;Empresa Ficticia Alfa;Serviços Varejo;Cliente Ficticio E;5511910000144;EXT-2026-0145;202600000145;Whatsapp;15/03/2026 10:48:00;15/03/2026 10:56:00;15/03/2026 10:57:00;15/03/2026 10:51:00;00:08:00;01:00:00;00:10:00;00:00:00;00:00:00;Finalizado;Humano;Normal;5144;10000019728;10000019728;cliente145@exemplo-ficticio.com.br;;;Não;;;;MAT0145;Registro ficticio para estudo academico;Ativo;0;0;;;15/03/2026 12:06:00
Bruno Lima;Empresa Ficticia Beta;Serviços Varejo;Cliente Ficticio A;5512910000145;EXT-2026-0146;202600000146;Telefone;16/03/2026 13:55:00;16/03/2026 14:07:00;16/03/2026 14:08:00;16/03/2026 13:58:00;00:12:00;01:15:00;00:15:00;00:01:00;00:00:00;Finalizado;Automático;Padrão;;10000019865;;cliente146@exemplo-ficticio.com.br;;;Não;;;;MAT0146;Atendimento ficticio sem dados pessoais reais;Receptivo;1;2;202600000145;;16/03/2026 15:37:00
Carla Mendes;Empresa Ficticia Gama;Serviços Varejo;Cliente Ficticio B;5513910000146;EXT-2026-0147;202600000147;E-mail;17/03/2026 16:02:00;17/03/2026 16:27:00;17/03/2026 16:28:00;17/03/2026 16:05:00;00:25:00;01:35:00;00:20:00;00:02:00;00:02:00;Finalizado;Misto;Urgente;;10000020002;;cliente147@exemplo-ficticio.com.br;;;Não;;;;MAT0147;Base criada apenas para testes do tratamento;Receptivo;2;4;;;17/03/2026 18:22:00
Diego Rocha;Empresa Ficticia Alfa;Serviços Industria;Cliente Ficticio C;5514910000147;EXT-2026-0148;202600000148;Portal;18/03/2026 09:09:00;18/03/2026 09:49:00;18/03/2026 09:50:00;18/03/2026 09:12:00;00:40:00;02:10:00;00:00:00;00:03:00;00:04:00;Transferido;Humano;Normal;;10000020139;;cliente148@exemplo-ficticio.com.br;;;Não;;;;MAT0148;;Ativo;3;6;;Rechamada;18/03/2026 11:59:00
Fernanda Alves;Empresa Ficticia Beta;Serviços Industria;Cliente Ficticio D;5515910000148;EXT-2026-0149;202600000149;Whatsapp;19/03/2026 12:16:00;19/03/2026 13:21:00;19/03/2026 13:22:00;19/03/2026 12:19:00;01:05:00;00:08:00;00:00:00;00:05:00;00:07:00;Transferido - Desconexão Agente;Automático;Padrão;5148;10000020276;;cliente149@exemplo-ficticio.com.br;;;Não;;;;MAT0149;Registro ficticio para estudo academico;Receptivo;4;8;;Reincidente;19/03/2026 13:29:00
;Empresa Ficticia Gama;Padrao;Cliente Ficticio E;5516910000149;EXT-2026-0150;202600000150;Telefone;20/03/2026 15:23:00;-;-;20/03/2026 15:26:00;02:00:00;00:00:00;00:00:00;00:08:00;00:10:00;Em atendimento;Misto;Urgente;;10000020413;;cliente150@exemplo-ficticio.com.br;;;Não;;;;MAT0150;Atendimento ficticio sem dados pessoais reais;Receptivo;5;1;;Recorrente;-
Ana Martins;Empresa Ficticia Alfa;Serviços Varejo;Cliente Ficticio A;5517910000150;EXT-2026-0151;202600000151;E-mail;05/01/2026 08:30:00;05/01/2026 08:30:00;05/01/2026 08:31:00;05/01/2026 08:30:00;00:00:00;00:18:00;00:05:00;00:00:00;00:00:00;Finalizado;Humano;Normal;;10000020550;10000020550;cliente151@exemplo-ficticio.com.br;;;Não;;;;MAT0151;Base criada apenas para testes do tratamento;Ativo;6;3;202600000150;;05/01/2026 08:53:00
Bruno Lima;Empresa Ficticia Beta;Serviços Varejo;Cliente Ficticio B;5518910000151;EXT-2026-0152;202600000152;Portal;06/01/2026 11:37:00;06/01/2026 11:38:00;06/01/2026 11:39:00;06/01/2026 11:38:00;00:01:00;00:25:00;00:10:00;00:01:00;00:00:00;Finalizado;Automático;Padrão;;10000020687;;cliente152@exemplo-ficticio.com.br;;;Não;;;;MAT0152;;Receptivo;7;5;;;06/01/2026 12:13:00
Carla Mendes;Empresa Ficticia Gama;Serviços Varejo;Cliente Ficticio C;5519910000152;EXT-2026-0153;202600000153;Whatsapp;07/01/2026 14:44:00;07/01/2026 14:47:00;07/01/2026 14:48:00;07/01/2026 14:47:00;00:03:00;00:35:00;00:15:00;00:02:00;00:02:00;Finalizado;Misto;Urgente;5152;10000020824;;cliente153@exemplo-ficticio.com.br;;;Não;;;;MAT0153;Registro ficticio para estudo academico;Receptivo;0;7;;;07/01/2026 15:37:00
Diego Rocha;Empresa Ficticia Alfa;Serviços Varejo;Cliente Ficticio D;5511910000153;EXT-2026-0154;202600000154;Telefone;08/01/2026 17:51:00;08/01/2026 17:56:00;08/01/2026 17:57:00;08/01/2026 17:54:00;00:05:00;00:48:00;00:20:00;00:03:00;00:04:00;Transferido;Humano;Normal;;10000020961;;cliente154@exemplo-ficticio.com.br;;;Sim;;;;MAT0154;Atendimento ficticio sem dados pessoais reais;Ativo;1;0;;Rechamada;08/01/2026 19:04:00
Fernanda Alves;Empresa Ficticia Beta;Serviços Varejo;Cliente Ficticio E;5512910000154;EXT-2026-0155;202600000155;E-mail;09/01/2026 10:58:00;09/01/2026 11:06:00;09/01/2026 11:07:00;09/01/2026 11:01:00;00:08:00;01:00:00;00:00:00;00:05:00;00:07:00;Transferido - Desconexão Agente;Automático;Padrão;;10000021098;;cliente155@exemplo-ficticio.com.br;;;Não;;;;MAT0155;Base criada apenas para testes do tratamento;Receptivo;2;2;;Reincidente;09/01/2026 12:06:00
;Empresa Ficticia Gama;Serviços Varejo;Cliente Ficticio A;5513910000155;EXT-2026-0156;202600000156;Portal;10/01/2026 13:05:00;-;-;10/01/2026 13:08:00;00:12:00;00:00:00;00:00:00;00:08:00;00:10:00;Em atendimento;Misto;Urgente;;10000021235;;cliente156@exemplo-ficticio.com.br;;;Não;;;;MAT0156;;Receptivo;3;4;202600000155;Recorrente;-
Ana Martins;Empresa Ficticia Alfa;Serviços Varejo;Cliente Ficticio B;5514910000156;EXT-2026-0157;202600000157;Whatsapp;11/01/2026 16:12:00;11/01/2026 16:37:00;11/01/2026 16:38:00;11/01/2026 16:15:00;00:25:00;01:35:00;00:00:00;00:00:00;00:00:00;Finalizado;Humano;Normal;5156;10000021372;10000021372;cliente157@exemplo-ficticio.com.br;;;Não;;;;MAT0157;Registro ficticio para estudo academico;Ativo;4;6;;;11/01/2026 18:12:00
Bruno Lima;Empresa Ficticia Beta;Serviços Industria;Cliente Ficticio C;5515910000157;EXT-2026-0158;202600000158;Telefone;12/01/2026 09:19:00;12/01/2026 09:59:00;12/01/2026 10:00:00;12/01/2026 09:22:00;00:40:00;02:10:00;00:05:00;00:01:00;00:00:00;Finalizado;Automático;Padrão;;10000021509;;cliente158@exemplo-ficticio.com.br;;;Não;;;;MAT0158;Atendimento ficticio sem dados pessoais reais;Receptivo;5;8;;;12/01/2026 12:14:00
Carla Mendes;Empresa Ficticia Gama;Serviços Industria;Cliente Ficticio D;5516910000158;EXT-2026-0159;202600000159;E-mail;13/01/2026 12:26:00;13/01/2026 13:31:00;13/01/2026 13:32:00;13/01/2026 12:29:00;01:05:00;00:08:00;00:10:00;00:02:00;00:02:00;Finalizado;Misto;Urgente;;10000021646;;cliente159@exemplo-ficticio.com.br;;;Não;;;;MAT0159;Base criada apenas para testes do tratamento;Receptivo;6;1;;;13/01/2026 13:49:00
Diego Rocha;Empresa Ficticia Alfa;Padrao;Cliente Ficticio E;5517910000159;EXT-2026-0160;202600000160;Portal;14/01/2026 15:33:00;14/01/2026 17:33:00;14/01/2026 17:34:00;14/01/2026 15:36:00;02:00:00;00:12:00;00:15:00;00:03:00;00:04:00;Transferido;Humano;Normal;;10000021783;;cliente160@exemplo-ficticio.com.br;;;Não;;;;MAT0160;;Ativo;7;3;;Rechamada;14/01/2026 18:00:00
Fernanda Alves;Empresa Ficticia Beta;Serviços Varejo;Cliente Ficticio A;5518910000160;EXT-2026-0161;202600000161;Whatsapp;15/01/2026 08:40:00;15/01/2026 08:40:00;15/01/2026 08:41:00;15/01/2026 08:40:00;00:00:00;00:18:00;00:20:00;00:05:00;00:07:00;Transferido - Desconexão Agente;Automático;Padrão;5160;10000021920;;cliente161@exemplo-ficticio.com.br;;;Não;;;;MAT0161;Registro ficticio para estudo academico;Receptivo;0;5;202600000160;Reincidente;15/01/2026 09:18:00
;Empresa Ficticia Gama;Serviços Varejo;Cliente Ficticio B;5519910000161;EXT-2026-0162;202600000162;Telefone;16/01/2026 11:47:00;-;-;16/01/2026 11:48:00;00:01:00;00:00:00;00:00:00;00:08:00;00:10:00;Em atendimento;Misto;Urgente;;10000022057;;cliente162@exemplo-ficticio.com.br;;;Não;;;;MAT0162;Atendimento ficticio sem dados pessoais reais;Receptivo;1;7;;Recorrente;-
Ana Martins;Empresa Ficticia Alfa;Serviços Varejo;Cliente Ficticio C;5511910000162;EXT-2026-0163;202600000163;E-mail;17/01/2026 14:54:00;17/01/2026 14:57:00;17/01/2026 14:58:00;17/01/2026 14:57:00;00:03:00;00:35:00;00:00:00;00:00:00;00:00:00;Finalizado;Humano;Normal;;10000022194;10000022194;cliente163@exemplo-ficticio.com.br;;;Não;;;;MAT0163;Base criada apenas para testes do tratamento;Ativo;2;0;;;17/01/2026 15:32:00
Bruno Lima;Empresa Ficticia Beta;Serviços Varejo;Cliente Ficticio D;5512910000163;EXT-2026-0164;202600000164;Portal;18/01/2026 17:01:00;18/01/2026 17:06:00;18/01/2026 17:07:00;18/01/2026 17:04:00;00:05:00;00:48:00;00:00:00;00:01:00;00:00:00;Finalizado;Automático;Padrão;;10000022331;;cliente164@exemplo-ficticio.com.br;;;Não;;;;MAT0164;;Receptivo;3;2;;;18/01/2026 17:54:00
Carla Mendes;Empresa Ficticia Gama;Serviços Varejo;Cliente Ficticio E;5513910000164;EXT-2026-0165;202600000165;Whatsapp;19/01/2026 10:08:00;19/01/2026 10:16:00;19/01/2026 10:17:00;19/01/2026 10:11:00;00:08:00;01:00:00;00:05:00;00:02:00;00:02:00;Finalizado;Misto;Urgente;5164;10000022468;;cliente165@exemplo-ficticio.com.br;;;Não;;;;MAT0165;Registro ficticio para estudo academico;Receptivo;4;4;;;19/01/2026 11:21:00
Diego Rocha;Empresa Ficticia Alfa;Serviços Varejo;Cliente Ficticio A;5514910000165;EXT-2026-0166;202600000166;Telefone;20/01/2026 13:15:00;20/01/2026 13:27:00;20/01/2026 13:28:00;20/01/2026 13:18:00;00:12:00;01:15:00;00:10:00;00:03:00;00:04:00;Transferido;Humano;Normal;;10000022605;;cliente166@exemplo-ficticio.com.br;;;Não;;;;MAT0166;Atendimento ficticio sem dados pessoais reais;Ativo;5;6;202600000165;Rechamada;20/01/2026 14:52:00
Fernanda Alves;Empresa Ficticia Beta;Serviços Varejo;Cliente Ficticio B;5515910000166;EXT-2026-0167;202600000167;E-mail;21/01/2026 16:22:00;21/01/2026 16:47:00;21/01/2026 16:48:00;21/01/2026 16:25:00;00:25:00;01:35:00;00:15:00;00:05:00;00:07:00;Transferido - Desconexão Agente;Automático;Padrão;;10000022742;;cliente167@exemplo-ficticio.com.br;;;Não;;;;MAT0167;Base criada apenas para testes do tratamento;Receptivo;6;8;;Reincidente;21/01/2026 18:37:00
;Empresa Ficticia Gama;Serviços Industria;Cliente Ficticio C;5516910000167;EXT-2026-0168;202600000168;Portal;22/01/2026 09:29:00;-;-;22/01/2026 09:32:00;00:40:00;00:00:00;00:20:00;00:08:00;00:10:00;Em atendimento;Misto;Urgente;;10000022879;;cliente168@exemplo-ficticio.com.br;;;Não;;;;MAT0168;;Receptivo;7;1;;Recorrente;-
Ana Martins;Empresa Ficticia Alfa;Serviços Industria;Cliente Ficticio D;5517910000168;EXT-2026-0169;202600000169;Whatsapp;23/01/2026 12:36:00;23/01/2026 13:41:00;23/01/2026 13:42:00;23/01/2026 12:39:00;01:05:00;00:08:00;00:00:00;00:00:00;00:00:00;Finalizado;Humano;Normal;5168;10000023016;10000023016;cliente169@exemplo-ficticio.com.br;;;Não;;;;MAT0169;Registro ficticio para estudo academico;Ativo;0;3;;;23/01/2026 13:49:00
Bruno Lima;Empresa Ficticia Beta;Padrao;Cliente Ficticio E;5518910000169;EXT-2026-0170;202600000170;Telefone;24/01/2026 15:43:00;24/01/2026 17:43:00;24/01/2026 17:44:00;24/01/2026 15:46:00;02:00:00;00:12:00;00:00:00;00:01:00;00:00:00;Finalizado;Automático;Padrão;;10000023153;;cliente170@exemplo-ficticio.com.br;;;Não;;;;MAT0170;Atendimento ficticio sem dados pessoais reais;Receptivo;1;5;;;24/01/2026 17:55:00
Carla Mendes;Empresa Ficticia Gama;Serviços Varejo;Cliente Ficticio A;5519910000170;EXT-2026-0171;202600000171;E-mail;25/01/2026 08:50:00;25/01/2026 08:50:00;25/01/2026 08:51:00;25/01/2026 08:50:00;00:00:00;00:18:00;00:00:00;00:02:00;00:02:00;Finalizado;Misto;Urgente;;10000023290;;cliente171@exemplo-ficticio.com.br;;;Sim;;;;MAT0171;Base criada apenas para testes do tratamento;Receptivo;2;7;202600000170;;25/01/2026 09:08:00
Diego Rocha;Empresa Ficticia Alfa;Serviços Varejo;Cliente Ficticio B;5511910000171;EXT-2026-0172;202600000172;Portal;26/01/2026 11:57:00;26/01/2026 11:58:00;26/01/2026 11:59:00;26/01/2026 11:58:00;00:01:00;00:25:00;00:05:00;00:03:00;00:04:00;Transferido;Humano;Normal;;10000023427;;cliente172@exemplo-ficticio.com.br;;;Não;;;;MAT0172;;Ativo;3;0;;Rechamada;26/01/2026 12:28:00
Fernanda Alves;Empresa Ficticia Beta;Serviços Varejo;Cliente Ficticio C;5512910000172;EXT-2026-0173;202600000173;Whatsapp;27/01/2026 14:04:00;27/01/2026 14:07:00;27/01/2026 14:08:00;27/01/2026 14:07:00;00:03:00;00:35:00;00:10:00;00:05:00;00:07:00;Transferido - Desconexão Agente;Automático;Padrão;5172;10000023564;;cliente173@exemplo-ficticio.com.br;;;Não;;;;MAT0173;Registro ficticio para estudo academico;Receptivo;4;2;;Reincidente;27/01/2026 14:52:00
;Empresa Ficticia Gama;Serviços Varejo;Cliente Ficticio D;5513910000173;EXT-2026-0174;202600000174;Telefone;28/01/2026 17:11:00;-;-;28/01/2026 17:14:00;00:05:00;00:00:00;00:15:00;00:08:00;00:10:00;Em atendimento;Misto;Urgente;;10000023701;;cliente174@exemplo-ficticio.com.br;;;Não;;;;MAT0174;Atendimento ficticio sem dados pessoais reais;Receptivo;5;4;;Recorrente;-
Ana Martins;Empresa Ficticia Alfa;Serviços Varejo;Cliente Ficticio E;5514910000174;EXT-2026-0175;202600000175;E-mail;29/01/2026 10:18:00;29/01/2026 10:26:00;29/01/2026 10:27:00;29/01/2026 10:21:00;00:08:00;01:00:00;00:20:00;00:00:00;00:00:00;Finalizado;Humano;Normal;;10000023838;10000023838;cliente175@exemplo-ficticio.com.br;;;Não;;;;MAT0175;Base criada apenas para testes do tratamento;Ativo;6;6;;;29/01/2026 11:46:00
Bruno Lima;Empresa Ficticia Beta;Serviços Varejo;Cliente Ficticio A;5515910000175;EXT-2026-0176;202600000176;Portal;30/01/2026 13:25:00;30/01/2026 13:37:00;30/01/2026 13:38:00;30/01/2026 13:28:00;00:12:00;01:15:00;00:00:00;00:01:00;00:00:00;Finalizado;Automático;Padrão;;10000023975;;cliente176@exemplo-ficticio.com.br;;;Não;;;;MAT0176;;Receptivo;7;8;202600000175;;30/01/2026 14:52:00
Carla Mendes;Empresa Ficticia Gama;Serviços Varejo;Cliente Ficticio B;5516910000176;EXT-2026-0177;202600000177;Whatsapp;31/01/2026 16:32:00;31/01/2026 16:57:00;31/01/2026 16:58:00;31/01/2026 16:35:00;00:25:00;01:35:00;00:00:00;00:02:00;00:02:00;Finalizado;Misto;Urgente;5176;10000024112;;cliente177@exemplo-ficticio.com.br;;;Não;;;;MAT0177;Registro ficticio para estudo academico;Receptivo;0;1;;;31/01/2026 18:32:00
Diego Rocha;Empresa Ficticia Alfa;Serviços Industria;Cliente Ficticio C;5517910000177;EXT-2026-0178;202600000178;Telefone;01/02/2026 09:39:00;01/02/2026 10:19:00;01/02/2026 10:20:00;01/02/2026 09:42:00;00:40:00;02:10:00;00:00:00;00:03:00;00:04:00;Transferido;Humano;Normal;;10000024249;;cliente178@exemplo-ficticio.com.br;;;Não;;;;MAT0178;Atendimento ficticio sem dados pessoais reais;Ativo;1;3;;Rechamada;01/02/2026 12:29:00
Fernanda Alves;Empresa Ficticia Beta;Serviços Industria;Cliente Ficticio D;5518910000178;EXT-2026-0179;202600000179;E-mail;02/02/2026 12:46:00;02/02/2026 13:51:00;02/02/2026 13:52:00;02/02/2026 12:49:00;01:05:00;00:08:00;00:05:00;00:05:00;00:07:00;Transferido - Desconexão Agente;Automático;Padrão;;10000024386;;cliente179@exemplo-ficticio.com.br;;;Não;;;;MAT0179;Base criada apenas para testes do tratamento;Receptivo;2;5;;Reincidente;02/02/2026 14:04:00
;Empresa Ficticia Gama;Padrao;Cliente Ficticio E;5519910000179;EXT-2026-0180;202600000180;Portal;03/02/2026 15:53:00;-;-;03/02/2026 15:56:00;02:00:00;00:00:00;00:10:00;00:08:00;00:10:00;Em atendimento;Misto;Urgente;;10000024523;;cliente180@exemplo-ficticio.com.br;;;Não;;;;MAT0180;;Receptivo;3;7;;Recorrente;-
