Serviço;Agente;Conta;Contato;Protocolo;Canal;Data de Entrada;Data de Atendimento;Data de fila;Tempo em Fila;Tempo de Atendimento;Tempo em Pendência;TMIC;TMIA;Status;Tipo;Classificação;Atendimento original;CPF entrada chat;E-mail entrada chat;Matrícula;Observação;Ativo/Receptivo?;QIC;QIA;Protocolo dependente;Recorrência;Data de finalização
Dúvidas Gerais;Ana Souza;Empresa Simulada;Cliente 005;202600000024;Portal;14/02/2026 09:01:00;14/02/2026 12:01:00;14/02/2026 09:03:00;03:00:00;00:12:00;00:20:00;00:00:00;00:10:00;Finalizado;Humano;Normal;;;;Cliente Simulado B;;Ativo;3;6;;Reincidente;14/02/2026 12:13:00
Pós-venda;Ana Souza;Empresa Simulada;Cliente 003;202600000004;Telefone;25/02/2026 08:48:00;25/02/2026 08:49:00;25/02/2026 08:51:00;00:01:00;00:12:00;00:00:00;00:01:00;00:00:00;Finalizado;Misto;Padrão;;;;Cliente Simulado D;Registro simulado para estudo acadêmico;Ativo;6;1;;Reincidente;25/02/2026 09:01:00
Suporte Técnico;Diego Rocha;Empresa Simulada;Cliente 006;202600000015;Telefone;10/02/2026 11:45:00;10/02/2026 11:45:00;10/02/2026 11:45:00;00:00:00;00:15:00;00:00:00;00:00:00;00:00:00;Em atendimento;Humano;Padrão;;;;Cliente Simulado B;Registro simulado para estudo acadêmico;Receptivo;1;2;202600000069.0;Rechamada;-
Suporte SAC;;Empresa Simulada;Cliente 003;202600000030;Portal;15/01/2026 15:24:00;-;15/01/2026 15:25:00;00:05:00;00:00:00;00:30:00;00:00:00;00:00:00;Aguardando atendimento;Automático;Normal;;;;;Registro simulado para estudo acadêmico;Receptivo;3;7;202600000051.0;Recorrente;-
Atendimento Comercial;Bruno Lima;Empresa Simulada;Cliente 005;202600000016;Portal;14/01/2026 12:08:00;-;14/01/2026 12:10:00;00:03:00;00:00:00;00:05:00;00:05:00;00:04:00;Aguardando atendimento;Humano;Normal;;;;Cliente Simulado B;Registro simulado para estudo acadêmico;Ativo;6;1;;Recorrente;-
Suporte SAC;Carla Mendes;Empresa Simulada;Cliente 004;202600000016;E-mail;07/02/2026 12:35:00;-;07/02/2026 12:35:00;00:00:00;00:00:00;00:10:00;00:01:00;00:10:00;Aguardando atendimento;Automático;Normal;1005.0;;;Cliente Simulado C;Registro simulado para estudo acadêmico;Ativo;1;4;202600000082.0;Rechamada;-
Suporte Técnico;Bruno Lima;Empresa Simulada;Cliente 001;202600000035;E-mail;14/01/2026 13:48:00;14/01/2026 13:49:00;14/01/2026 13:48:00;00:01:00;00:30:00;00:00:00;00:00:00;00:02:00;Em atendimento;Misto;Normal;;;;Cliente Simulado D;;Ativo;2;7;;Reincidente;-
Pós-venda;Fernanda Alves;Empresa Simulada;Cliente 004;202600000019;Whatsapp;07/02/2026 17:27:00;-;07/02/2026 17:28:00;00:03:00;00:00:00;00:05:00;00:08:00;00:10:00;Aguardando atendimento;Humano;Normal;;;;Cliente Simulado C;;Ativo;3;0;202600000010.0;;-
Dúvidas Gerais;Bruno Lima;Empresa Simulada;Cliente 006;202600000015;Portal;19/01/2026 09:57:00;19/01/2026 09:57:00;19/01/2026 09:59:00;00:00:00;00:20:00;00:00:00;00:08:00;00:04:00;Finalizado;Humano;Padrão;;;;Cliente Simulado B;;Ativo;6;5;;Recorrente;19/01/2026 10:17:00
Atendimento Comercial;Fernanda Alves;Empresa Simulada;Cliente 004;202600000016;E-mail;01/03/2026 08:43:00;01/03/2026 10:43:00;01/03/2026 08:43:00;02:00:00;00:45:00;00:30:00;00:00:00;00:00:00;Finalizado;Automático;Normal;;;;Cliente Simulado D;;Ativo;7;1;202600000007.0;;01/03/2026 11:28:00
Pós-venda;Carla Mendes;Empresa Simulada;Cliente 007;202600000011;Portal;10/01/2026 11:10:00;10/01/2026 11:25:00;10/01/2026 11:13:00;00:15:00;01:00:00;00:00:00;00:00:00;00:04:00;Finalizado;Automático;Padrão;1010.0;;;;Registro simulado para estudo acadêmico;Receptivo;2;3;;;10/01/2026 12:25:00
Dúvidas Gerais;Ana Souza;Empresa Simulada;Cliente 007;202600000013;E-mail;11/02/2026 16:03:00;11/02/2026 19:03:00;11/02/2026 16:05:00;03:00:00;01:30:00;00:10:00;00:05:00;00:00:00;Finalizado;Humano;Urgente;;;;Cliente Simulado B;;Ativo;3;0;;Recorrente;11/02/2026 20:33:00
Suporte Técnico;Diego Rocha;Empresa Simulada;Cliente 002;202600000020;Telefone;16/02/2026 17:36:00;16/02/2026 18:21:00;16/02/2026 17:38:00;00:45:00;00:20:00;00:20:00;00:08:00;00:02:00;Finalizado por inatividade;Automático;Padrão;;;;Cliente Simulado A;;Ativo;1;3;;Rechamada;16/02/2026 18:41:00
Dúvidas Gerais;;Empresa Simulada;Cliente 006;202600000023;Whatsapp;27/01/2026 09:56:00;27/01/2026 09:59:00;27/01/2026 09:58:00;00:03:00;01:30:00;00:30:00;00:05:00;00:10:00;Finalizado;Misto;Urgente;;;;Cliente Simulado A;;Receptivo;1;1;202600000096.0;Rechamada;27/01/2026 11:29:00
Suporte SAC;Ana Souza;Empresa Simulada;Cliente 006;202600000043;Portal;22/01/2026 12:38:00;22/01/2026 12:41:00;22/01/2026 12:40:00;00:03:00;00:30:00;00:10:00;00:03:00;00:02:00;Finalizado;Automático;Normal;;;;Cliente Simulado C;;Receptivo;2;7;202600000071.0;Recorrente;22/01/2026 13:11:00
Atendimento Comercial;Ana Souza;Empresa Simulada;Cliente 003;202600000029;Telefone;09/02/2026 08:07:00;09/02/2026 08:07:00;09/02/2026 08:08:00;00:00:00;00:45:00;00:10:00;00:05:00;00:00:00;Finalizado;Humano;Padrão;;;;Cliente Simulado B;Registro simulado para estudo acadêmico;Ativo;5;6;202600000080.0;Rechamada;09/02/2026 08:52:00
Atendimento Comercial;Carla Mendes;Empresa Simulada;Cliente 002;202600000044;Whatsapp;20/01/2026 10:51:00;20/01/2026 10:52:00;20/01/2026 10:54:00;00:01:00;00:45:00;00:30:00;00:03:00;00:10:00;Finalizado;Automático;Normal;;;;Cliente Simulado B;;Receptivo;5;4;;;20/01/2026 11:37:00
Dúvidas Gerais;Carla Mendes;Empresa Simulada;Cliente 001;202600000030;Whatsapp;16/02/2026 11:25:00;16/02/2026 11:35:00;16/02/2026 11:27:00;00:10:00;00:10:00;00:00:00;00:08:00;00:07:00;Transferido;Automático;Normal;1017.0;;;Cliente Simulado C;;Ativo;6;5;;Recorrente;16/02/2026 11:45:00
Atendimento Comercial;Carla Mendes;Empresa Simulada;Cliente 004;202600000040;Whatsapp;12/02/2026 16:07:00;12/02/2026 16:22:00;12/02/2026 16:08:00;00:15:00;01:00:00;00:00:00;00:05:00;00:07:00;Finalizado;Misto;Padrão;1018.0;;;Cliente Simulado C;Registro simulado para estudo acadêmico;Ativo;4;4;;Reincidente;12/02/2026 17:22:00
Dúvidas Gerais;Carla Mendes;Empresa Simulada;Cliente 004;202600000039;Whatsapp;30/01/2026 12:35:00;30/01/2026 12:36:00;30/01/2026 12:36:00;00:01:00;01:00:00;00:20:00;00:08:00;00:00:00;Finalizado;Automático;Padrão;;;;Cliente Simulado D;Registro simulado para estudo acadêmico;Receptivo;7;7;202600000057.0;Rechamada;30/01/2026 13:36:00
Suporte Técnico;Ana Souza;Empresa Simulada;Cliente 007;202600000040;E-mail;06/02/2026 15:50:00;06/02/2026 18:50:00;06/02/2026 15:51:00;03:00:00;00:15:00;00:10:00;00:08:00;00:10:00;Em atendimento;Misto;Padrão;;;;Cliente Simulado B;;Ativo;0;3;202600000061.0;;-
Atendimento Comercial;Gabriel Santos;Empresa Simulada;Cliente 006;202600000029;Whatsapp;03/02/2026 14:56:00;-;03/02/2026 14:57:00;02:00:00;00:00:00;00:05:00;00:03:00;00:04:00;Aguardando atendimento;Humano;Padrão;;;;Cliente Simulado B;Registro simulado para estudo acadêmico;Receptivo;0;3;;Rechamada;-
Dúvidas Gerais;Diego Rocha;Empresa Simulada;Cliente 002;202600000036;Portal;25/02/2026 15:42:00;25/02/2026 16:27:00;25/02/2026 15:44:00;00:45:00;01:30:00;00:10:00;00:08:00;00:07:00;Finalizado por inatividade;Automático;Padrão;;;;Cliente Simulado C;Registro simulado para estudo acadêmico;Receptivo;3;4;;Reincidente;25/02/2026 17:57:00
Atendimento Comercial;Ana Souza;Empresa Simulada;Cliente 004;202600000046;Portal;20/01/2026 12:21:00;20/01/2026 12:31:00;20/01/2026 12:21:00;00:10:00;00:20:00;00:05:00;00:08:00;00:00:00;Finalizado;Automático;Urgente;;;;Cliente Simulado D;;Ativo;6;6;202600000099.0;;20/01/2026 12:51:00
Dúvidas Gerais;;Empresa Simulada;Cliente 005;202600000042;E-mail;28/02/2026 17:24:00;28/02/2026 17:49:00;28/02/2026 17:24:00;00:25:00;00:30:00;00:30:00;00:03:00;00:04:00;Finalizado por inatividade;Automático;Normal;;;;Cliente Simulado D;;Ativo;6;5;202600000086.0;Recorrente;28/02/2026 18:19:00
Suporte SAC;Ana Souza;Empresa Simulada;Cliente 006;202600000044;Portal;20/02/2026 10:53:00;20/02/2026 11:18:00;20/02/2026 10:54:00;00:25:00;02:10:00;00:00:00;00:03:00;00:07:00;Finalizado por inatividade;Humano;Padrão;;;;Cliente Simulado A;;Receptivo;5;3;;Reincidente;20/02/2026 13:28:00
Suporte Técnico;Bruno Lima;Empresa Simulada;Cliente 006;202600000028;Whatsapp;22/02/2026 14:17:00;22/02/2026 14:32:00;22/02/2026 14:19:00;00:15:00;00:20:00;00:00:00;00:08:00;00:07:00;Transferido;Misto;Normal;;;;Cliente Simulado B;;Ativo;2;3;;;22/02/2026 14:52:00
Suporte SAC;;Empresa Simulada;Cliente 007;202600000051;E-mail;10/02/2026 11:29:00;-;10/02/2026 11:31:00;03:00:00;00:00:00;00:00:00;00:05:00;00:07:00;Aguardando atendimento;Automático;Normal;1027.0;;;Cliente Simulado A;;Receptivo;6;3;202600000010.0;Rechamada;-
Pós-venda;Gabriel Santos;Empresa Simulada;Cliente 003;202600000046;Whatsapp;11/01/2026 12:54:00;11/01/2026 14:54:00;11/01/2026 12:54:00;02:00:00;00:35:00;00:30:00;00:00:00;00:02:00;Transferido;Misto;Urgente;;;;Cliente Simulado A;;Receptivo;1;6;202600000047.0;Recorrente;11/01/2026 15:29:00
Dúvidas Gerais;Carla Mendes;Empresa Simulada;Cliente 003;202600000043;E-mail;19/02/2026 10:27:00;19/02/2026 10:28:00;19/02/2026 10:29:00;00:01:00;00:50:00;00:30:00;00:03:00;00:04:00;Em atendimento;Humano;Padrão;;;;Cliente Simulado B;;Receptivo;5;0;;Rechamada;-
Suporte SAC;Bruno Lima;Empresa Simulada;Cliente 006;202600000037;Portal;05/02/2026 11:22:00;05/02/2026 11:27:00;05/02/2026 11:24:00;00:05:00;00:30:00;00:10:00;00:00:00;00:07:00;Finalizado;Automático;Urgente;;;;Cliente Simulado D;Registro simulado para estudo acadêmico;Receptivo;7;0;;Rechamada;05/02/2026 11:57:00
Suporte Técnico;Carla Mendes;Empresa Simulada;Cliente 006;202600000049;Portal;30/01/2026 11:19:00;30/01/2026 13:19:00;30/01/2026 11:21:00;02:00:00;02:10:00;00:00:00;00:03:00;00:10:00;Finalizado;Automático;Padrão;;;;Cliente Simulado B;;Ativo;5;1;202600000096.0;Rechamada;30/01/2026 15:29:00
Suporte SAC;;Empresa Simulada;Cliente 002;202600000042;Telefone;17/01/2026 11:47:00;-;17/01/2026 11:49:00;00:25:00;00:00:00;00:30:00;00:05:00;00:07:00;Aguardando atendimento;Humano;Padrão;;;;Cliente Simulado C;;Ativo;4;0;202600000007.0;Reincidente;-
Suporte Técnico;Bruno Lima;Empresa Simulada;Cliente 001;202600000048;Telefone;18/02/2026 10:40:00;18/02/2026 11:05:00;18/02/2026 10:40:00;00:25:00;00:35:00;00:00:00;00:03:00;00:04:00;Transferido;Automático;Normal;;;;Cliente Simulado D;;Ativo;0;2;202600000020.0;Reincidente;18/02/2026 11:40:00
Pós-venda;Carla Mendes;Empresa Simulada;Cliente 007;202600000049;Portal;10/01/2026 11:07:00;10/01/2026 11:52:00;10/01/2026 11:10:00;00:45:00;00:50:00;00:00:00;00:05:00;00:04:00;Em atendimento;Automático;Urgente;1034.0;;;Cliente Simulado A;Registro simulado para estudo acadêmico;Ativo;3;3;202600000034.0;;-
Suporte Técnico;Ana Souza;Empresa Simulada;Cliente 002;202600000051;Telefone;15/01/2026 11:11:00;15/01/2026 11:56:00;15/01/2026 11:11:00;00:45:00;01:00:00;00:05:00;00:08:00;00:07:00;Finalizado;Misto;Padrão;1035.0;;;Cliente Simulado D;;Ativo;4;3;;Rechamada;15/01/2026 12:56:00
Dúvidas Gerais;Carla Mendes;Empresa Simulada;Cliente 004;202600000060;Whatsapp;15/02/2026 10:58:00;15/02/2026 11:03:00;15/02/2026 10:59:00;00:05:00;00:12:00;00:30:00;00:01:00;00:07:00;Finalizado;Automático;Urgente;;;;Cliente Simulado D;;Receptivo;7;1;;Recorrente;15/02/2026 11:15:00
Suporte SAC;;Empresa Simulada;Cliente 007;202600000056;E-mail;21/02/2026 13:38:00;21/02/2026 13:43:00;21/02/2026 13:38:00;00:05:00;00:05:00;00:30:00;00:08:00;00:02:00;Finalizado;Automático;Urgente;1037.0;;;Cliente Simulado D;;Ativo;6;7;;Reincidente;21/02/2026 13:48:00
Pós-venda;;Empresa Simulada;Cliente 007;202600000048;Whatsapp;31/01/2026 13:20:00;31/01/2026 15:20:00;31/01/2026 13:20:00;02:00:00;00:10:00;00:05:00;00:08:00;00:04:00;Transferido;Automático;Normal;;;;Cliente Simulado C;;Ativo;6;0;202600000085.0;Recorrente;31/01/2026 15:30:00
Suporte Técnico;Fernanda Alves;Empresa Simulada;Cliente 002;202600000046;Telefone;31/01/2026 08:12:00;31/01/2026 08:57:00;31/01/2026 08:14:00;00:45:00;00:30:00;00:20:00;00:03:00;00:00:00;Em atendimento;Automático;Urgente;;;;Cliente Simulado A;;Ativo;2;4;;Recorrente;-
Suporte Técnico;Diego Rocha;Empresa Simulada;Cliente 007;202600000057;Portal;10/01/2026 11:53:00;10/01/2026 11:53:00;10/01/2026 11:56:00;00:00:00;00:12:00;00:05:00;00:08:00;00:02:00;Finalizado por inatividade;Automático;Normal;;;;;;Receptivo;3;2;;Recorrente;10/01/2026 12:05:00
Pós-venda;;Empresa Simulada;Cliente 002;202600000063;Portal;26/01/2026 16:17:00;-;26/01/2026 16:19:00;00:00:00;00:00:00;00:30:00;00:05:00;00:07:00;Aguardando atendimento;Misto;Padrão;;;;Cliente Simulado C;Registro simulado para estudo acadêmico;Receptivo;7;5;202600000025.0;Rechamada;-
Atendimento Comercial;Diego Rocha;Empresa Simulada;Cliente 001;202600000064;E-mail;10/02/2026 14:14:00;10/02/2026 14:29:00;10/02/2026 14:14:00;00:15:00;01:30:00;00:20:00;00:03:00;00:04:00;Finalizado;Misto;Urgente;;;;Cliente Simulado A;;Ativo;7;0;;Recorrente;10/02/2026 15:59:00
Dúvidas Gerais;Diego Rocha;Empresa Simulada;Cliente 003;202600000071;Portal;01/03/2026 10:04:00;01/03/2026 10:29:00;01/03/2026 10:06:00;00:25:00;01:00:00;00:20:00;00:00:00;00:02:00;Finalizado;Misto;Normal;1043.0;;;Cliente Simulado A;;Receptivo;3;1;;;01/03/2026 11:29:00
Atendimento Comercial;Bruno Lima;Empresa Simulada;Cliente 005;202600000058;Portal;02/02/2026 10:44:00;02/02/2026 10:49:00;02/02/2026 10:44:00;00:05:00;00:05:00;00:00:00;00:01:00;00:02:00;Finalizado;Misto;Urgente;;;;Cliente Simulado B;;Ativo;6;3;202600000064.0;Rechamada;02/02/2026 10:54:00
Dúvidas Gerais;Bruno Lima;Empresa Simulada;Cliente 001;202600000067;Portal;19/01/2026 15:40:00;19/01/2026 15:45:00;19/01/2026 15:43:00;00:05:00;00:05:00;00:30:00;00:03:00;00:02:00;Finalizado;Automático;Urgente;;;;Cliente Simulado D;Registro simulado para estudo acadêmico;Receptivo;7;4;;Recorrente;19/01/2026 15:50:00
Suporte SAC;Fernanda Alves;Empresa Simulada;Cliente 007;202600000055;Whatsapp;11/01/2026 11:24:00;11/01/2026 12:44:00;11/01/2026 11:26:00;01:20:00;00:15:00;00:00:00;00:08:00;00:04:00;Em atendimento;Misto;Urgente;;;;Cliente Simulado C;;Receptivo;3;3;;Rechamada;-
Atendimento Comercial;Ana Souza;Empresa Simulada;Cliente 003;202600000071;Telefone;14/02/2026 09:57:00;14/02/2026 11:57:00;14/02/2026 09:57:00;02:00:00;01:30:00;00:00:00;00:05:00;00:02:00;Finalizado;Misto;Padrão;;;;Cliente Simulado B;;Receptivo;4;2;;Reincidente;14/02/2026 13:27:00
Pós-venda;;Empresa Simulada;Cliente 007;202600000072;Telefone;21/02/2026 13:51:00;21/02/2026 13:51:00;21/02/2026 13:54:00;00:00:00;00:12:00;00:30:00;00:00:00;00:10:00;Finalizado por inatividade;Humano;Padrão;;;;Cliente Simulado C;Registro simulado para estudo acadêmico;Ativo;7;5;202600000087.0;Reincidente;21/02/2026 14:03:00
Dúvidas Gerais;Carla Mendes;Empresa Simulada;Cliente 005;202600000078;E-mail;11/02/2026 14:52:00;11/02/2026 16:52:00;11/02/2026 14:54:00;02:00:00;00:20:00;00:05:00;00:00:00;00:07:00;Finalizado;Misto;Normal;1049.0;;;Cliente Simulado D;Registro simulado para estudo acadêmico;Receptivo;6;1;;;11/02/2026 17:12:00
Dúvidas Gerais;Diego Rocha;Empresa Simulada;Cliente 005;202600000072;E-mail;24/01/2026 15:07:00;24/01/2026 15:07:00;24/01/2026 15:08:00;00:00:00;00:05:00;00:05:00;00:03:00;00:02:00;Transferido;Automático;Urgente;;;;Cliente Simulado D;Registro simulado para estudo acadêmico;Receptivo;4;0;;Rechamada;24/01/2026 15:12:00
Pós-venda;Carla Mendes;Empresa Simulada;Cliente 002;202600000053;Whatsapp;02/02/2026 15:15:00;02/02/2026 15:25:00;02/02/2026 15:15:00;00:10:00;00:45:00;00:10:00;00:08:00;00:02:00;Finalizado por inatividade;Automático;Normal;1051.0;;;Cliente Simulado B;Registro simulado para estudo acadêmico;Ativo;0;5;;Rechamada;02/02/2026 16:10:00
Suporte Técnico;;Empresa Simulada;Cliente 002;202600000053;E-mail;09/01/2026 16:13:00;09/01/2026 17:33:00;09/01/2026 16:14:00;01:20:00;00:05:00;00:00:00;00:00:00;00:07:00;Transferido;Misto;Padrão;;;;Cliente Simulado A;Registro simulado para estudo acadêmico;Ativo;2;0;;Reincidente;09/01/2026 17:38:00
Pós-venda;Diego Rocha;Empresa Simulada;Cliente 007;202600000056;Telefone;06/01/2026 10:16:00;-;06/01/2026 10:17:00;00:00:00;00:00:00;00:10:00;00:00:00;00:10:00;Aguardando atendimento;Misto;Urgente;;;;Cliente Simulado D;Registro simulado para estudo acadêmico;Ativo;0;4;202600000059.0;;-
Suporte SAC;Carla Mendes;Empresa Simulada;Cliente 005;202600000057;E-mail;08/01/2026 15:54:00;-;08/01/2026 15:57:00;00:15:00;00:00:00;00:05:00;00:08:00;00:04:00;Aguardando atendimento;Humano;Normal;;;;;Registro simulado para estudo acadêmico;Receptivo;6;4;202600000059.0;Recorrente;-
Pós-venda;Gabriel Santos;Empresa Simulada;Cliente 001;202600000068;Telefone;11/01/2026 09:54:00;11/01/2026 11:54:00;11/01/2026 09:55:00;02:00:00;00:20:00;00:05:00;00:01:00;00:04:00;Finalizado;Automático;Padrão;1055.0;;;Cliente Simulado C;;Ativo;7;1;;;11/01/2026 12:14:00
Suporte Técnico;Gabriel Santos;Empresa Simulada;Cliente 001;202600000074;Portal;01/02/2026 09:47:00;01/02/2026 12:47:00;01/02/2026 09:49:00;03:00:00;00:35:00;00:00:00;00:05:00;00:07:00;Transferido;Automático;Urgente;;;;Cliente Simulado A;;Receptivo;5;1;202600000074.0;Rechamada;01/02/2026 13:22:00
Pós-venda;;Empresa Simulada;Cliente 005;202600000065;Whatsapp;14/01/2026 15:14:00;14/01/2026 15:14:00;14/01/2026 15:16:00;00:00:00;00:10:00;00:00:00;00:01:00;00:07:00;Transferido;Misto;Urgente;1057.0;;;Cliente Simulado C;;Ativo;4;4;;;14/01/2026 15:24:00
Pós-venda;Diego Rocha;Empresa Simulada;Cliente 004;202600000065;Telefone;16/01/2026 10:36:00;16/01/2026 12:36:00;16/01/2026 10:39:00;02:00:00;00:05:00;00:00:00;00:08:00;00:07:00;Finalizado;Humano;Padrão;;;;Cliente Simulado C;Registro simulado para estudo acadêmico;Ativo;0;2;202600000021.0;;16/01/2026 12:41:00
Dúvidas Gerais;Ana Souza;Empresa Simulada;Cliente 003;202600000084;Portal;17/02/2026 09:17:00;17/02/2026 09:42:00;17/02/2026 09:20:00;00:25:00;01:30:00;00:05:00;00:01:00;00:00:00;Finalizado;Humano;Padrão;1059.0;;;;;Receptivo;0;3;202600000051.0;;17/02/2026 11:12:00
Pós-venda;Gabriel Santos;Empresa Simulada;Cliente 004;202600000061;E-mail;05/01/2026 11:19:00;-;05/01/2026 11:20:00;00:03:00;00:00:00;00:00:00;00:01:00;00:00:00;Aguardando atendimento;Humano;Padrão;1060.0;;;Cliente Simulado B;Registro simulado para estudo acadêmico;Receptivo;1;6;;Recorrente;-
Suporte Técnico;Ana Souza;Empresa Simulada;Cliente 004;202600000075;Whatsapp;06/01/2026 15:58:00;06/01/2026 15:58:00;06/01/2026 16:00:00;00:00:00;00:50:00;00:05:00;00:08:00;00:10:00;Em atendimento;Automático;Normal;1061.0;;;Cliente Simulado D;Registro simulado para estudo acadêmico;Receptivo;1;6;;Recorrente;-
Dúvidas Gerais;Gabriel Santos;Empresa Simulada;Cliente 001;202600000065;E-mail;11/02/2026 14:33:00;11/02/2026 14:33:00;11/02/2026 14:36:00;00:00:00;00:10:00;00:00:00;00:01:00;00:00:00;Transferido;Automático;Padrão;1062.0;;;Cliente Simulado B;;Ativo;2;4;;Rechamada;11/02/2026 14:43:00
Dúvidas Gerais;Carla Mendes;Empresa Simulada;Cliente 007;202600000084;Telefone;22/02/2026 09:11:00;22/02/2026 11:11:00;22/02/2026 09:14:00;02:00:00;01:30:00;00:20:00;00:05:00;00:10:00;Finalizado;Humano;Padrão;;;;Cliente Simulado D;;Receptivo;4;0;202600000046.0;;22/02/2026 12:41:00
Dúvidas Gerais;Fernanda Alves;Empresa Simulada;Cliente 004;202600000084;Portal;24/01/2026 15:28:00;24/01/2026 15:28:00;24/01/2026 15:28:00;00:00:00;00:30:00;00:00:00;00:08:00;00:00:00;Finalizado;Misto;Urgente;1064.0;;;Cliente Simulado A;;Ativo;5;7;;;24/01/2026 15:58:00
Pós-venda;Fernanda Alves;Empresa Simulada;Cliente 005;202600000080;E-mail;02/02/2026 09:51:00;02/02/2026 10:01:00;02/02/2026 09:51:00;00:10:00;00:12:00;00:00:00;00:00:00;00:10:00;Finalizado;Automático;Padrão;;;;Cliente Simulado D;;Receptivo;0;5;;;02/02/2026 10:13:00
Pós-venda;Bruno Lima;Empresa Simulada;Cliente 005;202600000089;Whatsapp;09/02/2026 14:18:00;09/02/2026 14:23:00;09/02/2026 14:19:00;00:05:00;00:12:00;00:00:00;00:01:00;00:10:00;Finalizado;Automático;Urgente;;;;Cliente Simulado C;;Ativo;6;5;;Reincidente;09/02/2026 14:35:00
Suporte SAC;Fernanda Alves;Empresa Simulada;Cliente 007;202600000095;Whatsapp;16/01/2026 11:21:00;16/01/2026 11:46:00;16/01/2026 11:22:00;00:25:00;00:12:00;00:00:00;00:00:00;00:02:00;Finalizado;Misto;Padrão;1067.0;;;Cliente Simulado B;Registro simulado para estudo acadêmico;Receptivo;2;2;202600000024.0;Rechamada;16/01/2026 11:58:00
Pós-venda;Bruno Lima;Empresa Simulada;Cliente 005;202600000078;E-mail;20/02/2026 15:02:00;-;20/02/2026 15:04:00;00:15:00;00:00:00;00:00:00;00:03:00;00:07:00;Aguardando atendimento;Automático;Padrão;;;;Cliente Simulado C;Registro simulado para estudo acadêmico;Receptivo;7;4;;Recorrente;-
Suporte SAC;Gabriel Santos;Empresa Simulada;Cliente 007;202600000087;Whatsapp;15/01/2026 11:51:00;15/01/2026 13:11:00;15/01/2026 11:52:00;01:20:00;00:02:00;00:20:00;00:03:00;00:02:00;Transferido;Automático;Normal;;;;Cliente Simulado C;;Ativo;6;1;;Reincidente;15/01/2026 13:13:00
Suporte SAC;;Empresa Simulada;Cliente 006;202600000081;Telefone;06/01/2026 14:03:00;06/01/2026 14:18:00;06/01/2026 14:05:00;00:15:00;00:08:00;00:00:00;00:00:00;00:00:00;Finalizado;Humano;Normal;;;;Cliente Simulado C;;Ativo;7;7;;;06/01/2026 14:26:00
Atendimento Comercial;Diego Rocha;Empresa Simulada;Cliente 006;202600000073;Portal;06/01/2026 12:13:00;06/01/2026 12:14:00;06/01/2026 12:16:00;00:01:00;00:30:00;00:00:00;00:01:00;00:00:00;Finalizado;Humano;Normal;;;;;Registro simulado para estudo acadêmico;Ativo;3;2;;;06/01/2026 12:44:00
Dúvidas Gerais;Fernanda Alves;Empresa Simulada;Cliente 007;202600000089;Whatsapp;13/02/2026 13:15:00;13/02/2026 14:35:00;13/02/2026 13:18:00;01:20:00;00:08:00;00:10:00;00:01:00;00:00:00;Finalizado;Automático;Padrão;;;;Cliente Simulado D;;Receptivo;0;5;;Rechamada;13/02/2026 14:43:00
Pós-venda;Gabriel Santos;Empresa Simulada;Cliente 004;202600000079;E-mail;20/02/2026 09:49:00;20/02/2026 11:09:00;20/02/2026 09:51:00;01:20:00;00:45:00;00:10:00;00:01:00;00:10:00;Finalizado;Humano;Normal;1073.0;;;Cliente Simulado D;;Receptivo;3;0;;Reincidente;20/02/2026 11:54:00
Suporte Técnico;Carla Mendes;Empresa Simulada;Cliente 001;202600000102;Telefone;24/01/2026 16:25:00;24/01/2026 17:10:00;24/01/2026 16:28:00;00:45:00;00:20:00;00:00:00;00:01:00;00:00:00;Finalizado;Automático;Padrão;1074.0;;;Cliente Simulado D;;Receptivo;2;7;;Reincidente;24/01/2026 17:30:00
Suporte SAC;Carla Mendes;Empresa Simulada;Cliente 006;202600000079;Telefone;25/02/2026 16:17:00;25/02/2026 16:17:00;25/02/2026 16:20:00;00:00:00;00:12:00;00:10:00;00:01:00;00:02:00;Finalizado;Automático;Padrão;1075.0;;;Cliente Simulado D;;Receptivo;5;7;202600000006.0;Reincidente;25/02/2026 16:29:00
Atendimento Comercial;Ana Souza;Empresa Simulada;Cliente 002;202600000098;Portal;13/02/2026 14:17:00;13/02/2026 16:17:00;13/02/2026 14:17:00;02:00:00;01:00:00;00:00:00;00:05:00;00:10:00;Finalizado;Humano;Normal;;;;Cliente Simulado B;Registro simulado para estudo acadêmico;Receptivo;5;6;;Rechamada;13/02/2026 17:17:00
Pós-venda;Carla Mendes;Empresa Simulada;Cliente 006;202600000089;Telefone;17/02/2026 15:23:00;-;17/02/2026 15:26:00;00:10:00;00:00:00;00:10:00;00:00:00;00:07:00;Aguardando atendimento;Humano;Normal;;;;Cliente Simulado B;;Receptivo;1;4;;Recorrente;-
Pós-venda;Ana Souza;Empresa Simulada;Cliente 007;202600000084;Telefone;18/01/2026 17:18:00;18/01/2026 20:18:00;18/01/2026 17:21:00;03:00:00;00:12:00;00:30:00;00:00:00;00:04:00;Finalizado;Misto;Padrão;1078.0;;;Cliente Simulado A;Registro simulado para estudo acadêmico;Receptivo;4;2;202600000092.0;Rechamada;18/01/2026 20:30:00
Dúvidas Gerais;Fernanda Alves;Empresa Simulada;Cliente 003;202600000091;Portal;24/02/2026 13:32:00;24/02/2026 13:35:00;24/02/2026 13:32:00;00:03:00;00:12:00;00:00:00;00:03:00;00:00:00;Finalizado por inatividade;Misto;Normal;1079.0;;;Cliente Simulado A;;Receptivo;6;7;;Recorrente;24/02/2026 13:47:00
Atendimento Comercial;;Empresa Simulada;Cliente 007;202600000092;E-mail;26/02/2026 17:04:00;26/02/2026 17:05:00;26/02/2026 17:06:00;00:01:00;00:30:00;00:05:00;00:08:00;00:07:00;Em atendimento;Humano;Padrão;1080.0;;;Cliente Simulado A;;Ativo;4;2;;Rechamada;-
Dúvidas Gerais;Fernanda Alves;Empresa Simulada;Cliente 001;202600000091;E-mail;27/01/2026 16:57:00;27/01/2026 17:02:00;27/01/2026 16:57:00;00:05:00;02:10:00;00:00:00;00:00:00;00:10:00;Finalizado;Misto;Urgente;;;;Cliente Simulado B;Registro simulado para estudo acadêmico;Receptivo;0;0;;Reincidente;27/01/2026 19:12:00
Suporte Técnico;Diego Rocha;Empresa Simulada;Cliente 002;202600000092;Portal;15/02/2026 11:49:00;15/02/2026 13:09:00;15/02/2026 11:52:00;01:20:00;00:00:00;00:05:00;00:08:00;00:07:00;Em atendimento;Automático;Padrão;;;;Cliente Simulado A;;Receptivo;6;7;;Reincidente;-
Suporte Técnico;Fernanda Alves;Empresa Simulada;Cliente 005;202600000088;Whatsapp;12/02/2026 10:20:00;-;12/02/2026 10:22:00;03:00:00;00:00:00;00:30:00;00:01:00;00:04:00;Aguardando atendimento;Automático;Normal;;;;Cliente Simulado A;;Receptivo;3;2;;Reincidente;-
Atendimento Comercial;Diego Rocha;Empresa Simulada;Cliente 005;202600000109;Portal;29/01/2026 17:26:00;29/01/2026 17:29:00;29/01/2026 17:27:00;00:03:00;00:35:00;00:20:00;00:01:00;00:00:00;Transferido;Automático;Padrão;;;;Cliente Simulado A;;Receptivo;7;3;202600000028.0;Reincidente;29/01/2026 18:04:00
Suporte Técnico;Gabriel Santos;Empresa Simulada;Cliente 003;202600000090;Portal;08/01/2026 08:18:00;08/01/2026 08:43:00;08/01/2026 08:21:00;00:25:00;00:05:00;00:30:00;00:00:00;00:04:00;Finalizado;Automático;Normal;;;;Cliente Simulado A;Registro simulado para estudo acadêmico;Ativo;5;4;;Recorrente;08/01/2026 08:48:00
Suporte Técnico;;Empresa Simulada;Cliente 002;202600000104;E-mail;22/02/2026 16:17:00;22/02/2026 17:37:00;22/02/2026 16:17:00;01:20:00;00:08:00;00:05:00;00:01:00;00:02:00;Finalizado;Misto;Urgente;;;;;;Ativo;0;2;;Recorrente;22/02/2026 17:45:00
Suporte Técnico;Fernanda Alves;Empresa Simulada;Cliente 003;202600000111;Portal;07/02/2026 15:09:00;07/02/2026 16:29:00;07/02/2026 15:10:00;01:20:00;00:45:00;00:00:00;00:03:00;00:07:00;Finalizado;Misto;Urgente;;;;Cliente Simulado D;;Receptivo;5;1;202600000054.0;Reincidente;07/02/2026 17:14:00
Atendimento Comercial;Fernanda Alves;Empresa Simulada;Cliente 006;202600000104;Portal;24/02/2026 08:38:00;24/02/2026 09:03:00;24/02/2026 08:40:00;00:25:00;00:20:00;00:20:00;00:00:00;00:07:00;Finalizado por inatividade;Humano;Urgente;;;;Cliente Simulado A;Registro simulado para estudo acadêmico;Ativo;3;0;;Recorrente;24/02/2026 09:23:00
Atendimento Comercial;Fernanda Alves;Empresa Simulada;Cliente 002;202600000091;Telefone;14/01/2026 14:44:00;14/01/2026 14:47:00;14/01/2026 14:47:00;00:03:00;01:30:00;00:30:00;00:08:00;00:10:00;Finalizado;Misto;Padrão;1089.0;;;Cliente Simulado D;;Ativo;7;5;;Reincidente;14/01/2026 16:17:00
Pós-venda;Carla Mendes;Empresa Simulada;Cliente 004;202600000097;Telefone;13/02/2026 15:12:00;13/02/2026 15:15:00;13/02/2026 15:14:00;00:03:00;00:05:00;00:00:00;00:01:00;00:10:00;Em atendimento;Misto;Urgente;;;;Cliente Simulado C;;Receptivo;6;5;;Reincidente;-
Dúvidas Gerais;Carla Mendes;Empresa Simulada;Cliente 005;202600000098;Telefone;07/01/2026 12:45:00;07/01/2026 12:45:00;07/01/2026 12:47:00;00:00:00;00:10:00;00:20:00;00:03:00;00:00:00;Transferido;Humano;Normal;1091.0;;;;;Ativo;0;3;;;07/01/2026 12:55:00
Pós-venda;Diego Rocha;Empresa Simulada;Cliente 006;202600000106;E-mail;11/01/2026 14:21:00;11/01/2026 17:21:00;11/01/2026 14:24:00;03:00:00;00:12:00;00:00:00;00:05:00;00:00:00;Finalizado;Automático;Padrão;;;;Cliente Simulado A;;Ativo;0;2;;;11/01/2026 17:33:00
Dúvidas Gerais;Ana Souza;Empresa Simulada;Cliente 003;202600000112;Telefone;27/02/2026 14:50:00;27/02/2026 15:15:00;27/02/2026 14:51:00;00:25:00;00:30:00;00:00:00;00:00:00;00:02:00;Finalizado por inatividade;Automático;Urgente;1093.0;;;;;Ativo;7;4;;Reincidente;27/02/2026 15:45:00
Atendimento Comercial;Bruno Lima;Empresa Simulada;Cliente 005;202600000116;Portal;15/01/2026 15:41:00;15/01/2026 15:46:00;15/01/2026 15:42:00;00:05:00;00:45:00;00:30:00;00:01:00;00:07:00;Finalizado;Automático;Urgente;;;;Cliente Simulado A;;Ativo;2;2;;Rechamada;15/01/2026 16:31:00
Dúvidas Gerais;Ana Souza;Empresa Simulada;Cliente 003;202600000119;Telefone;05/01/2026 12:24:00;-;05/01/2026 12:27:00;00:03:00;00:00:00;00:00:00;00:01:00;00:07:00;Aguardando atendimento;Misto;Normal;;;;Cliente Simulado A;;Receptivo;2;6;202600000088.0;Reincidente;-
Dúvidas Gerais;Carla Mendes;Empresa Simulada;Cliente 004;202600000111;Portal;18/02/2026 09:40:00;18/02/2026 09:45:00;18/02/2026 09:42:00;00:05:00;00:05:00;00:00:00;00:03:00;00:00:00;Em atendimento;Misto;Urgente;;;;Cliente Simulado B;Registro simulado para estudo acadêmico;Ativo;7;5;202600000010.0;;-
Suporte SAC;Gabriel Santos;Empresa Simulada;Cliente 002;202600000112;Portal;08/01/2026 16:57:00;08/01/2026 17:42:00;08/01/2026 16:58:00;00:45:00;00:05:00;00:00:00;00:01:00;00:07:00;Em atendimento;Humano;Urgente;;;;Cliente Simulado A;;Ativo;6;7;;Recorrente;-
Suporte SAC;Diego Rocha;Empresa Simulada;Cliente 003;202600000101;Whatsapp;17/02/2026 12:46:00;17/02/2026 12:46:00;17/02/2026 12:49:00;00:00:00;00:05:00;00:20:00;00:00:00;00:07:00;Finalizado;Misto;Normal;;;;Cliente Simulado D;;Receptivo;6;2;;Recorrente;17/02/2026 12:51:00
Atendimento Comercial;Fernanda Alves;Empresa Simulada;Cliente 004;202600000103;E-mail;28/01/2026 14:28:00;28/01/2026 14:43:00;28/01/2026 14:31:00;00:15:00;02:10:00;00:00:00;00:08:00;00:02:00;Finalizado;Misto;Normal;;;;Cliente Simulado A;;Receptivo;6;6;;Recorrente;28/01/2026 16:53:00
Suporte SAC;Ana Souza;Empresa Simulada;Cliente 005;202600000107;Whatsapp;27/01/2026 10:17:00;27/01/2026 10:20:00;27/01/2026 10:17:00;00:03:00;01:00:00;00:10:00;00:00:00;00:00:00;Finalizado;Automático;Urgente;1100.0;;;Cliente Simulado A;;Ativo;6;7;202600000030.0;Rechamada;27/01/2026 11:20:00
Suporte Técnico;Bruno Lima;Empresa Simulada;Cliente 003;202600000128;E-mail;22/02/2026 08:08:00;22/02/2026 08:53:00;22/02/2026 08:10:00;00:45:00;00:45:00;00:10:00;00:05:00;00:10:00;Finalizado;Misto;Urgente;;;;Cliente Simulado D;;Receptivo;0;2;202600000081.0;Recorrente;22/02/2026 09:38:00
Atendimento Comercial;Carla Mendes;Empresa Simulada;Cliente 004;202600000116;E-mail;09/02/2026 15:03:00;-;09/02/2026 15:06:00;00:10:00;00:00:00;00:00:00;00:08:00;00:04:00;Aguardando atendimento;Misto;Padrão;;;;Cliente Simulado B;;Ativo;7;0;;Recorrente;-
Suporte Técnico;Ana Souza;Empresa Simulada;Cliente 005;202600000131;E-mail;09/02/2026 16:08:00;09/02/2026 16:23:00;09/02/2026 16:09:00;00:15:00;00:45:00;00:20:00;00:00:00;00:04:00;Finalizado;Humano;Padrão;;;;;Registro simulado para estudo acadêmico;Ativo;1;3;202600000098.0;Rechamada;09/02/2026 17:08:00
Pós-venda;Bruno Lima;Empresa Simulada;Cliente 006;202600000108;E-mail;04/02/2026 11:55:00;04/02/2026 12:05:00;04/02/2026 11:57:00;00:10:00;00:05:00;00:00:00;00:00:00;00:10:00;Finalizado por inatividade;Automático;Normal;1104.0;;;Cliente Simulado C;;Receptivo;7;5;;Reincidente;04/02/2026 12:10:00
Pós-venda;Ana Souza;Empresa Simulada;Cliente 005;202600000116;E-mail;06/02/2026 15:29:00;-;06/02/2026 15:32:00;00:00:00;00:00:00;00:00:00;00:00:00;00:02:00;Aguardando atendimento;Misto;Normal;;;;Cliente Simulado C;Registro simulado para estudo acadêmico;Receptivo;4;2;;Rechamada;-
Pós-venda;Diego Rocha;Empresa Simulada;Cliente 002;202600000127;Telefone;29/01/2026 17:53:00;29/01/2026 17:56:00;29/01/2026 17:56:00;00:03:00;00:15:00;00:00:00;00:03:00;00:10:00;Em atendimento;Humano;Normal;1106.0;;;;;Ativo;0;0;202600000010.0;;-
Suporte Técnico;Ana Souza;Empresa Simulada;Cliente 005;202600000122;Portal;22/02/2026 08:26:00;22/02/2026 08:27:00;22/02/2026 08:27:00;00:01:00;00:12:00;00:00:00;00:00:00;00:07:00;Finalizado;Misto;Padrão;;;;Cliente Simulado A;Registro simulado para estudo acadêmico;Receptivo;0;0;202600000068.0;Reincidente;22/02/2026 08:39:00
Atendimento Comercial;Bruno Lima;Empresa Simulada;Cliente 005;202600000113;Telefone;08/02/2026 12:01:00;08/02/2026 12:46:00;08/02/2026 12:04:00;00:45:00;00:05:00;00:00:00;00:00:00;00:07:00;Transferido;Automático;Padrão;;;;Cliente Simulado A;;Receptivo;7;3;;Reincidente;08/02/2026 12:51:00
Suporte SAC;Gabriel Santos;Empresa Simulada;Cliente 002;202600000111;Whatsapp;17/02/2026 09:41:00;17/02/2026 11:41:00;17/02/2026 09:41:00;02:00:00;01:00:00;00:05:00;00:05:00;00:04:00;Finalizado;Automático;Padrão;1109.0;;;Cliente Simulado C;Registro simulado para estudo acadêmico;Ativo;0;3;202600000028.0;Recorrente;17/02/2026 12:41:00
Suporte Técnico;Ana Souza;Empresa Simulada;Cliente 002;202600000140;E-mail;22/01/2026 08:59:00;22/01/2026 08:59:00;22/01/2026 09:01:00;00:00:00;00:35:00;00:20:00;00:00:00;00:00:00;Transferido;Misto;Padrão;;;;Cliente Simulado C;;Ativo;6;5;202600000050.0;Rechamada;22/01/2026 09:34:00
Dúvidas Gerais;Fernanda Alves;Empresa Simulada;Cliente 004;202600000131;Telefone;24/02/2026 09:32:00;24/02/2026 12:32:00;24/02/2026 09:34:00;03:00:00;01:00:00;00:00:00;00:00:00;00:02:00;Finalizado;Humano;Urgente;;;;Cliente Simulado D;;Ativo;5;6;;Recorrente;24/02/2026 13:32:00
Pós-venda;Carla Mendes;Empresa Simulada;Cliente 003;202600000117;Whatsapp;10/01/2026 17:18:00;10/01/2026 17:21:00;10/01/2026 17:18:00;00:03:00;00:12:00;00:05:00;00:08:00;00:10:00;Finalizado;Humano;Normal;;;;Cliente Simulado D;;Receptivo;1;2;;Recorrente;10/01/2026 17:33:00
Dúvidas Gerais;;Empresa Simulada;Cliente 003;202600000133;Portal;02/02/2026 16:35:00;02/02/2026 17:20:00;02/02/2026 16:38:00;00:45:00;00:08:00;00:00:00;00:05:00;00:00:00;Finalizado;Humano;Padrão;;;;Cliente Simulado D;;Ativo;2;6;;Reincidente;02/02/2026 17:28:00
Suporte SAC;Carla Mendes;Empresa Simulada;Cliente 003;202600000140;E-mail;24/01/2026 12:31:00;24/01/2026 12:32:00;24/01/2026 12:31:00;00:01:00;00:30:00;00:05:00;00:01:00;00:04:00;Finalizado;Misto;Urgente;;;;;Registro simulado para estudo acadêmico;Ativo;7;1;;;24/01/2026 13:02:00
Dúvidas Gerais;Bruno Lima;Empresa Simulada;Cliente 003;202600000142;Telefone;30/01/2026 13:53:00;30/01/2026 15:13:00;30/01/2026 13:56:00;01:20:00;00:10:00;00:05:00;00:01:00;00:04:00;Transferido;Misto;Urgente;;;;Cliente Simulado D;;Ativo;6;5;202600000038.0;Recorrente;30/01/2026 15:23:00
Dúvidas Gerais;Fernanda Alves;Empresa Simulada;Cliente 002;202600000123;Whatsapp;10/02/2026 11:20:00;10/02/2026 11:35:00;10/02/2026 11:22:00;00:15:00;00:20:00;00:00:00;00:00:00;00:07:00;Transferido;Misto;Padrão;1116.0;;;Cliente Simulado B;;Receptivo;1;6;;Rechamada;10/02/2026 11:55:00
Dúvidas Gerais;Diego Rocha;Empresa Simulada;Cliente 005;202600000132;Portal;14/02/2026 12:15:00;-;14/02/2026 12:16:00;00:05:00;00:00:00;00:30:00;00:03:00;00:00:00;Aguardando atendimento;Misto;Urgente;1117.0;;;Cliente Simulado D;Registro simulado para estudo acadêmico;Ativo;5;1;;Reincidente;-
Suporte SAC;Carla Mendes;Empresa Simulada;Cliente 002;202600000119;E-mail;15/01/2026 17:02:00;15/01/2026 18:22:00;15/01/2026 17:05:00;01:20:00;00:45:00;00:30:00;00:03:00;00:00:00;Finalizado por inatividade;Automático;Padrão;;;;Cliente Simulado D;Registro simulado para estudo acadêmico;Ativo;5;0;;Reincidente;15/01/2026 19:07:00
Suporte Técnico;Diego Rocha;Empresa Simulada;Cliente 001;202600000135;Portal;31/01/2026 09:07:00;31/01/2026 12:07:00;31/01/2026 09:08:00;03:00:00;00:45:00;00:05:00;00:00:00;00:07:00;Finalizado;Misto;Urgente;;;;Cliente Simulado C;;Receptivo;0;1;;;31/01/2026 12:52:00
Pós-venda;Bruno Lima;Empresa Simulada;Cliente 007;202600000134;Portal;17/02/2026 10:59:00;17/02/2026 13:59:00;17/02/2026 11:00:00;03:00:00;02:10:00;00:00:00;00:01:00;00:07:00;Finalizado;Misto;Normal;;;;Cliente Simulado D;;Ativo;3;7;;Recorrente;17/02/2026 16:09:00
Pós-venda;Ana Souza;Empresa Simulada;Cliente 003;202600000128;Portal;05/01/2026 11:13:00;05/01/2026 11:18:00;05/01/2026 11:13:00;00:05:00;00:50:00;00:00:00;00:01:00;00:02:00;Em atendimento;Misto;Urgente;;;;;;Receptivo;1;5;;Rechamada;-
Suporte SAC;Bruno Lima;Empresa Simulada;Cliente 003;202600000132;E-mail;26/02/2026 12:58:00;-;26/02/2026 12:58:00;01:20:00;00:00:00;00:00:00;00:00:00;00:00:00;Aguardando atendimento;Misto;Padrão;;;;;;Receptivo;6;2;202600000063.0;Rechamada;-
Pós-venda;Bruno Lima;Empresa Simulada;Cliente 002;202600000124;Portal;09/02/2026 10:31:00;09/02/2026 10:36:00;09/02/2026 10:32:00;00:05:00;01:30:00;00:10:00;00:00:00;00:02:00;Finalizado;Misto;Urgente;1123.0;;;Cliente Simulado D;;Receptivo;6;7;;;09/02/2026 12:06:00
Pós-venda;Fernanda Alves;Empresa Simulada;Cliente 006;202600000149;Portal;10/02/2026 08:50:00;10/02/2026 08:53:00;10/02/2026 08:52:00;00:03:00;00:20:00;00:10:00;00:01:00;00:00:00;Finalizado;Misto;Urgente;;;;;;Receptivo;5;0;202600000098.0;Recorrente;10/02/2026 09:13:00
Suporte SAC;Diego Rocha;Empresa Simulada;Cliente 007;202600000153;Whatsapp;08/02/2026 11:27:00;08/02/2026 11:27:00;08/02/2026 11:28:00;00:00:00;00:05:00;00:05:00;00:01:00;00:02:00;Finalizado;Humano;Normal;1125.0;;;;Registro simulado para estudo acadêmico;Receptivo;6;2;;Rechamada;08/02/2026 11:32:00
Suporte Técnico;Fernanda Alves;Empresa Simulada;Cliente 003;202600000136;Whatsapp;26/02/2026 11:51:00;26/02/2026 11:51:00;26/02/2026 11:53:00;00:00:00;02:10:00;00:00:00;00:01:00;00:10:00;Finalizado;Humano;Padrão;;;;Cliente Simulado C;Registro simulado para estudo acadêmico;Ativo;2;3;202600000019.0;Reincidente;26/02/2026 14:01:00
Suporte SAC;Gabriel Santos;Empresa Simulada;Cliente 007;202600000142;Whatsapp;27/02/2026 11:48:00;27/02/2026 13:48:00;27/02/2026 11:51:00;02:00:00;00:30:00;00:20:00;00:03:00;00:04:00;Finalizado;Automático;Urgente;1127.0;;;Cliente Simulado C;Registro simulado para estudo acadêmico;Receptivo;7;7;202600000042.0;;27/02/2026 14:18:00
Atendimento Comercial;Diego Rocha;Empresa Simulada;Cliente 003;202600000155;Telefone;01/03/2026 09:46:00;01/03/2026 10:11:00;01/03/2026 09:48:00;00:25:00;00:35:00;00:05:00;00:00:00;00:04:00;Transferido;Automático;Padrão;1128.0;;;;;Receptivo;5;0;;Recorrente;01/03/2026 10:46:00
Suporte Técnico;Bruno Lima;Empresa Simulada;Cliente 007;202600000158;Telefone;06/01/2026 09:59:00;06/01/2026 10:00:00;06/01/2026 10:02:00;00:01:00;01:00:00;00:00:00;00:08:00;00:00:00;Finalizado;Humano;Urgente;;;;Cliente Simulado C;;Receptivo;2;0;202600000051.0;Reincidente;06/01/2026 11:00:00
Atendimento Comercial;Fernanda Alves;Empresa Simulada;Cliente 002;202600000133;Portal;20/02/2026 11:27:00;-;20/02/2026 11:27:00;02:00:00;00:00:00;00:00:00;00:00:00;00:04:00;Aguardando atendimento;Humano;Normal;1130.0;;;Cliente Simulado C;;Receptivo;2;7;;Recorrente;-
Atendimento Comercial;Ana Souza;Empresa Simulada;Cliente 005;202600000153;Whatsapp;10/01/2026 09:06:00;10/01/2026 09:16:00;10/01/2026 09:08:00;00:10:00;00:05:00;00:05:00;00:00:00;00:10:00;Transferido;Misto;Urgente;;;;Cliente Simulado D;;Ativo;2;6;202600000079.0;Recorrente;10/01/2026 09:21:00
Pós-venda;Carla Mendes;Empresa Simulada;Cliente 007;202600000144;E-mail;01/03/2026 11:05:00;-;01/03/2026 11:06:00;00:00:00;00:00:00;00:10:00;00:08:00;00:04:00;Aguardando atendimento;Humano;Padrão;1132.0;;;Cliente Simulado A;;Receptivo;0;4;202600000027.0;Rechamada;-
Suporte SAC;Bruno Lima;Empresa Simulada;Cliente 004;202600000146;Whatsapp;21/02/2026 14:18:00;-;21/02/2026 14:18:00;02:00:00;00:00:00;00:30:00;00:00:00;00:04:00;Aguardando atendimento;Misto;Normal;;;;Cliente Simulado C;;Receptivo;6;5;202600000070.0;Rechamada;-
Suporte SAC;;Empresa Simulada;Cliente 004;202600000164;Telefone;22/02/2026 15:49:00;22/02/2026 15:49:00;22/02/2026 15:49:00;00:00:00;00:00:00;00:00:00;00:00:00;00:00:00;Em atendimento;Misto;Urgente;1134.0;;;Cliente Simulado D;;Receptivo;1;2;;Reincidente;-
Suporte SAC;Carla Mendes;Empresa Simulada;Cliente 006;202600000157;Portal;10/01/2026 16:58:00;10/01/2026 17:01:00;10/01/2026 16:59:00;00:03:00;01:00:00;00:10:00;00:08:00;00:10:00;Finalizado;Misto;Normal;;;;Cliente Simulado B;;Receptivo;1;7;202600000079.0;;10/01/2026 18:01:00
Dúvidas Gerais;;Empresa Simulada;Cliente 007;202600000153;Telefone;24/01/2026 10:07:00;-;24/01/2026 10:08:00;00:00:00;00:00:00;00:00:00;00:03:00;00:02:00;Aguardando atendimento;Humano;Padrão;;;;Cliente Simulado C;Registro simulado para estudo acadêmico;Ativo;0;5;;;-
Suporte Técnico;Bruno Lima;Empresa Simulada;Cliente 003;202600000143;Whatsapp;21/01/2026 17:40:00;21/01/2026 17:40:00;21/01/2026 17:43:00;00:00:00;00:45:00;00:00:00;00:03:00;00:07:00;Finalizado;Misto;Urgente;1137.0;;;Cliente Simulado A;;Ativo;0;0;;Recorrente;21/01/2026 18:25:00
Pós-venda;Bruno Lima;Empresa Simulada;Cliente 003;202600000159;E-mail;28/01/2026 14:58:00;28/01/2026 14:59:00;28/01/2026 14:59:00;00:01:00;00:05:00;00:10:00;00:08:00;00:10:00;Finalizado por inatividade;Automático;Urgente;;;;Cliente Simulado C;;Receptivo;1;0;;;28/01/2026 15:04:00
Pós-venda;Ana Souza;Empresa Simulada;Cliente 003;202600000157;E-mail;30/01/2026 09:56:00;-;30/01/2026 09:58:00;00:25:00;00:00:00;00:00:00;00:01:00;00:00:00;Aguardando atendimento;Automático;Urgente;;;;;;Receptivo;5;7;;Rechamada;-
Suporte SAC;;Empresa Simulada;Cliente 006;202600000151;Portal;14/01/2026 08:59:00;14/01/2026 09:14:00;14/01/2026 08:59:00;00:15:00;00:45:00;00:20:00;00:08:00;00:00:00;Finalizado;Misto;Urgente;;;;Cliente Simulado A;;Ativo;6;7;;Reincidente;14/01/2026 09:59:00
Dúvidas Gerais;Ana Souza;Empresa Simulada;Cliente 005;202600000144;E-mail;10/01/2026 08:58:00;-;10/01/2026 09:01:00;00:03:00;00:00:00;00:00:00;00:03:00;00:10:00;Aguardando atendimento;Misto;Padrão;;;;;Registro simulado para estudo acadêmico;Ativo;6;2;;Reincidente;-
Dúvidas Gerais;Ana Souza;Empresa Simulada;Cliente 002;202600000147;Whatsapp;28/02/2026 13:59:00;28/02/2026 14:14:00;28/02/2026 14:01:00;00:15:00;00:30:00;00:00:00;00:00:00;00:00:00;Finalizado;Humano;Padrão;;;;Cliente Simulado C;;Ativo;5;3;;Recorrente;28/02/2026 14:44:00
Suporte SAC;Gabriel Santos;Empresa Simulada;Cliente 002;202600000148;Telefone;21/01/2026 09:05:00;21/01/2026 09:06:00;21/01/2026 09:07:00;00:01:00;00:35:00;00:00:00;00:00:00;00:02:00;Transferido;Automático;Urgente;;;;Cliente Simulado C;;Ativo;0;6;202600000058.0;Rechamada;21/01/2026 09:41:00
Suporte SAC;Fernanda Alves;Empresa Simulada;Cliente 005;202600000156;Telefone;11/01/2026 15:06:00;11/01/2026 15:07:00;11/01/2026 15:06:00;00:01:00;00:20:00;00:00:00;00:00:00;00:04:00;Finalizado;Humano;Normal;;;;Cliente Simulado B;Registro simulado para estudo acadêmico;Receptivo;2;1;;;11/01/2026 15:27:00
Pós-venda;Bruno Lima;Empresa Simulada;Cliente 003;202600000167;E-mail;03/02/2026 08:10:00;03/02/2026 09:30:00;03/02/2026 08:13:00;01:20:00;00:20:00;00:05:00;00:00:00;00:04:00;Transferido;Humano;Padrão;;;;Cliente Simulado D;;Ativo;3;4;;Recorrente;03/02/2026 09:50:00
Suporte SAC;Diego Rocha;Empresa Simulada;Cliente 007;202600000172;Telefone;08/01/2026 09:17:00;08/01/2026 09:32:00;08/01/2026 09:18:00;00:15:00;02:10:00;00:00:00;00:08:00;00:07:00;Finalizado;Automático;Urgente;;;;Cliente Simulado C;Registro simulado para estudo acadêmico;Receptivo;6;4;;Reincidente;08/01/2026 11:42:00
Atendimento Comercial;Ana Souza;Empresa Simulada;Cliente 002;202600000155;E-mail;12/02/2026 11:01:00;12/02/2026 11:06:00;12/02/2026 11:01:00;00:05:00;00:20:00;00:10:00;00:01:00;00:07:00;Transferido;Automático;Urgente;1147.0;;;Cliente Simulado A;;Receptivo;5;2;;Reincidente;12/02/2026 11:26:00
Dúvidas Gerais;Bruno Lima;Empresa Simulada;Cliente 007;202600000153;Portal;25/02/2026 13:58:00;-;25/02/2026 13:58:00;01:20:00;00:00:00;00:00:00;00:05:00;00:07:00;Aguardando atendimento;Misto;Padrão;;;;Cliente Simulado D;;Ativo;0;3;;;-
Suporte SAC;Bruno Lima;Empresa Simulada;Cliente 005;202600000151;E-mail;07/02/2026 15:00:00;07/02/2026 15:10:00;07/02/2026 15:01:00;00:10:00;00:10:00;00:20:00;00:00:00;00:02:00;Transferido;Humano;Urgente;;;;Cliente Simulado A;;Receptivo;1;5;;Rechamada;07/02/2026 15:20:00
Dúvidas Gerais;;Empresa Simulada;Cliente 003;202600000179;E-mail;15/01/2026 14:50:00;15/01/2026 16:50:00;15/01/2026 14:53:00;02:00:00;00:05:00;00:20:00;00:05:00;00:10:00;Em atendimento;Misto;Urgente;;;;Cliente Simulado D;;Receptivo;2;2;;Recorrente;-
Pós-venda;Bruno Lima;Empresa Simulada;Cliente 003;202600000155;Whatsapp;28/02/2026 17:02:00;28/02/2026 17:03:00;28/02/2026 17:04:00;00:01:00;00:35:00;00:00:00;00:08:00;00:07:00;Transferido;Humano;Padrão;;;;Cliente Simulado B;Registro simulado para estudo acadêmico;Ativo;5;7;;Rechamada;28/02/2026 17:38:00
Pós-venda;Bruno Lima;Empresa Simulada;Cliente 004;202600000176;Portal;20/01/2026 09:22:00;-;20/01/2026 09:22:00;00:05:00;00:00:00;00:00:00;00:03:00;00:04:00;Aguardando atendimento;Automático;Padrão;1152.0;;;Cliente Simulado D;;Receptivo;3;2;;;-
Dúvidas Gerais;Ana Souza;Empresa Simulada;Cliente 003;202600000156;Portal;23/01/2026 08:20:00;23/01/2026 08:25:00;23/01/2026 08:20:00;00:05:00;00:12:00;00:05:00;00:00:00;00:10:00;Finalizado;Misto;Normal;;;;Cliente Simulado B;Registro simulado para estudo acadêmico;Receptivo;2;0;;Rechamada;23/01/2026 08:37:00
Dúvidas Gerais;Fernanda Alves;Empresa Simulada;Cliente 007;202600000167;Portal;17/01/2026 14:44:00;17/01/2026 15:29:00;17/01/2026 14:46:00;00:45:00;00:15:00;00:00:00;00:00:00;00:00:00;Em atendimento;Humano;Normal;;;;Cliente Simulado A;;Ativo;4;7;;;-
Suporte Técnico;Ana Souza;Empresa Simulada;Cliente 006;202600000171;Portal;18/01/2026 10:40:00;18/01/2026 10:45:00;18/01/2026 10:40:00;00:05:00;00:08:00;00:00:00;00:03:00;00:04:00;Finalizado;Humano;Padrão;;;;Cliente Simulado C;;Receptivo;0;4;;Reincidente;18/01/2026 10:53:00
Suporte Técnico;;Empresa Simulada;Cliente 005;202600000178;Portal;19/01/2026 12:36:00;-;19/01/2026 12:37:00;00:00:00;00:00:00;00:20:00;00:00:00;00:00:00;Aguardando atendimento;Misto;Normal;1156.0;;;Cliente Simulado A;;Receptivo;7;3;;;-
Atendimento Comercial;Bruno Lima;Empresa Simulada;Cliente 001;202600000183;Portal;30/01/2026 08:32:00;30/01/2026 09:52:00;30/01/2026 08:33:00;01:20:00;01:30:00;00:00:00;00:00:00;00:00:00;Finalizado;Humano;Urgente;;;;Cliente Simulado B;Registro simulado para estudo acadêmico;Ativo;4;5;;;30/01/2026 11:22:00
Dúvidas Gerais;Fernanda Alves;Empresa Simulada;Cliente 007;202600000178;Portal;29/01/2026 16:25:00;29/01/2026 17:10:00;29/01/2026 16:27:00;00:45:00;00:35:00;00:05:00;00:00:00;00:10:00;Transferido;Humano;Padrão;;;;Cliente Simulado B;Registro simulado para estudo acadêmico;Ativo;1;1;202600000037.0;Reincidente;29/01/2026 17:45:00
Atendimento Comercial;Fernanda Alves;Empresa Simulada;Cliente 005;202600000172;Portal;31/01/2026 12:24:00;31/01/2026 14:24:00;31/01/2026 12:27:00;02:00:00;00:30:00;00:00:00;00:00:00;00:02:00;Em atendimento;Humano;Padrão;;;;Cliente Simulado B;;Receptivo;4;5;;Reincidente;-
Suporte Técnico;Carla Mendes;Empresa Simulada;Cliente 006;202600000175;Portal;24/01/2026 12:53:00;24/01/2026 13:18:00;24/01/2026 12:53:00;00:25:00;00:20:00;00:00:00;00:01:00;00:10:00;Finalizado por inatividade;Misto;Urgente;;;;Cliente Simulado B;;Ativo;6;7;202600000098.0;Reincidente;24/01/2026 13:38:00
Dúvidas Gerais;Ana Souza;Empresa Simulada;Cliente 002;202600000190;E-mail;26/02/2026 08:32:00;26/02/2026 08:33:00;26/02/2026 08:32:00;00:01:00;02:10:00;00:05:00;00:00:00;00:07:00;Finalizado;Humano;Normal;;;;Cliente Simulado A;;Ativo;5;3;;Recorrente;26/02/2026 10:43:00
Pós-venda;Fernanda Alves;Empresa Simulada;Cliente 005;202600000190;Telefone;06/02/2026 14:40:00;06/02/2026 14:40:00;06/02/2026 14:40:00;00:00:00;01:30:00;00:10:00;00:03:00;00:00:00;Finalizado;Automático;Normal;;;;Cliente Simulado A;;Ativo;6;0;202600000021.0;Rechamada;06/02/2026 16:10:00
Pós-venda;Bruno Lima;Empresa Simulada;Cliente 006;202600000164;E-mail;28/02/2026 11:41:00;28/02/2026 11:44:00;28/02/2026 11:42:00;00:03:00;01:00:00;00:10:00;00:00:00;00:10:00;Finalizado;Misto;Normal;;;;Cliente Simulado C;Registro simulado para estudo acadêmico;Receptivo;4;6;;Recorrente;28/02/2026 12:44:00
Dúvidas Gerais;Fernanda Alves;Empresa Simulada;Cliente 003;202600000182;Telefone;21/01/2026 11:29:00;21/01/2026 11:34:00;21/01/2026 11:32:00;00:05:00;00:00:00;00:10:00;00:08:00;00:02:00;Em atendimento;Misto;Normal;;;;Cliente Simulado A;;Receptivo;5;4;202600000034.0;Reincidente;-
Atendimento Comercial;Gabriel Santos;Empresa Simulada;Cliente 001;202600000187;Portal;17/01/2026 10:33:00;17/01/2026 10:36:00;17/01/2026 10:33:00;00:03:00;00:35:00;00:05:00;00:08:00;00:02:00;Transferido;Automático;Padrão;;;;Cliente Simulado D;;Ativo;3;5;202600000093.0;Rechamada;17/01/2026 11:11:00
Suporte Técnico;Ana Souza;Empresa Simulada;Cliente 004;202600000172;E-mail;17/02/2026 16:40:00;17/02/2026 17:05:00;17/02/2026 16:42:00;00:25:00;00:12:00;00:30:00;00:08:00;00:07:00;Finalizado;Misto;Padrão;1166.0;;;;;Receptivo;1;3;;Reincidente;17/02/2026 17:17:00
Dúvidas Gerais;Fernanda Alves;Empresa Simulada;Cliente 001;202600000186;Portal;31/01/2026 13:23:00;31/01/2026 13:28:00;31/01/2026 13:25:00;00:05:00;00:08:00;00:05:00;00:00:00;00:10:00;Finalizado;Humano;Urgente;;;;Cliente Simulado D;Registro simulado para estudo acadêmico;Receptivo;6;0;;Rechamada;31/01/2026 13:36:00
Atendimento Comercial;Carla Mendes;Empresa Simulada;Cliente 006;202600000179;Whatsapp;26/01/2026 14:36:00;26/01/2026 15:01:00;26/01/2026 14:37:00;00:25:00;00:12:00;00:30:00;00:00:00;00:04:00;Finalizado;Humano;Padrão;;;;Cliente Simulado B;;Ativo;7;1;202600000017.0;Recorrente;26/01/2026 15:13:00
Suporte SAC;Carla Mendes;Empresa Simulada;Cliente 007;202600000181;E-mail;14/02/2026 14:25:00;14/02/2026 14:40:00;14/02/2026 14:28:00;00:15:00;00:05:00;00:10:00;00:00:00;00:10:00;Finalizado;Humano;Urgente;;;;Cliente Simulado B;;Receptivo;4;2;;Reincidente;14/02/2026 14:45:00
Suporte Técnico;Diego Rocha;Empresa Simulada;Cliente 006;202600000187;E-mail;15/01/2026 09:52:00;15/01/2026 09:52:00;15/01/2026 09:54:00;00:00:00;01:30:00;00:20:00;00:05:00;00:07:00;Finalizado por inatividade;Automático;Padrão;;;;Cliente Simulado B;;Receptivo;0;3;202600000029.0;Rechamada;15/01/2026 11:22:00
Dúvidas Gerais;Fernanda Alves;Empresa Simulada;Cliente 001;202600000196;Whatsapp;18/01/2026 08:37:00;18/01/2026 09:22:00;18/01/2026 08:38:00;00:45:00;00:05:00;00:05:00;00:08:00;00:02:00;Finalizado;Misto;Normal;1171.0;;;Cliente Simulado A;;Ativo;6;7;;Reincidente;18/01/2026 09:27:00
Dúvidas Gerais;Gabriel Santos;Empresa Simulada;Cliente 002;202600000192;Portal;04/02/2026 10:13:00;04/02/2026 13:13:00;04/02/2026 10:13:00;03:00:00;00:08:00;00:20:00;00:05:00;00:02:00;Finalizado;Humano;Urgente;1172.0;;;;;Receptivo;1;1;;Rechamada;04/02/2026 13:21:00
Pós-venda;Bruno Lima;Empresa Simulada;Cliente 006;202600000191;Portal;23/02/2026 12:53:00;23/02/2026 13:38:00;23/02/2026 12:54:00;00:45:00;01:00:00;00:00:00;00:00:00;00:00:00;Finalizado;Automático;Normal;;;;Cliente Simulado A;Registro simulado para estudo acadêmico;Ativo;1;7;;;23/02/2026 14:38:00
Atendimento Comercial;;Empresa Simulada;Cliente 001;202600000178;Telefone;20/02/2026 09:57:00;20/02/2026 10:02:00;20/02/2026 09:58:00;00:05:00;00:30:00;00:00:00;00:03:00;00:00:00;Finalizado;Automático;Urgente;;;;Cliente Simulado D;Registro simulado para estudo acadêmico;Ativo;1;0;;Rechamada;20/02/2026 10:32:00
Pós-venda;Diego Rocha;Empresa Simulada;Cliente 004;202600000179;Telefone;26/01/2026 13:57:00;26/01/2026 14:22:00;26/01/2026 13:59:00;00:25:00;00:02:00;00:00:00;00:01:00;00:00:00;Transferido;Automático;Urgente;;;;Cliente Simulado D;Registro simulado para estudo acadêmico;Ativo;1;2;202600000090.0;;26/01/2026 14:24:00
Suporte Técnico;Fernanda Alves;Empresa Simulada;Cliente 001;202600000201;E-mail;28/02/2026 10:06:00;28/02/2026 10:21:00;28/02/2026 10:09:00;00:15:00;00:20:00;00:00:00;00:05:00;00:04:00;Transferido;Automático;Padrão;;;;Cliente Simulado D;;Ativo;1;4;;;28/02/2026 10:41:00
Dúvidas Gerais;Ana Souza;Empresa Simulada;Cliente 004;202600000200;E-mail;19/02/2026 16:49:00;19/02/2026 19:49:00;19/02/2026 16:50:00;03:00:00;00:45:00;00:10:00;00:05:00;00:10:00;Finalizado por inatividade;Automático;Padrão;1177.0;;;Cliente Simulado D;;Ativo;0;2;;Recorrente;19/02/2026 20:34:00
Pós-venda;Diego Rocha;Empresa Simulada;Cliente 007;202600000196;E-mail;01/03/2026 10:04:00;01/03/2026 10:29:00;01/03/2026 10:06:00;00:25:00;00:30:00;00:00:00;00:05:00;00:00:00;Finalizado;Humano;Padrão;;;;;;Ativo;7;7;;Recorrente;01/03/2026 10:59:00
Suporte Técnico;Fernanda Alves;Empresa Simulada;Cliente 005;202600000199;E-mail;21/02/2026 08:06:00;21/02/2026 08:21:00;21/02/2026 08:09:00;00:15:00;02:10:00;00:00:00;00:00:00;00:07:00;Finalizado;Misto;Urgente;;;;Cliente Simulado C;;Ativo;3;7;202600000043.0;Recorrente;21/02/2026 10:31:00
Suporte Técnico;Fernanda Alves;Empresa Simulada;Cliente 005;202600000207;Telefone;19/02/2026 13:45:00;19/02/2026 14:10:00;19/02/2026 13:45:00;00:25:00;00:20:00;00:00:00;00:01:00;00:02:00;Finalizado;Misto;Normal;;;;Cliente Simulado B;;Ativo;6;1;202600000033.0;Rechamada;19/02/2026 14:30:00
Pós-venda;Ana Souza;Empresa Simulada;Cliente 006;202600000206;Whatsapp;17/01/2026 09:59:00;17/01/2026 10:14:00;17/01/2026 10:00:00;00:15:00;00:20:00;00:20:00;00:01:00;00:00:00;Finalizado;Automático;Padrão;1181.0;;;;Registro simulado para estudo acadêmico;Ativo;7;0;202600000068.0;;17/01/2026 10:34:00
Atendimento Comercial;Ana Souza;Empresa Simulada;Cliente 004;202600000206;Telefone;09/02/2026 14:53:00;09/02/2026 16:13:00;09/02/2026 14:56:00;01:20:00;00:05:00;00:20:00;00:05:00;00:00:00;Transferido;Misto;Padrão;;;;;Registro simulado para estudo acadêmico;Ativo;4;6;;Recorrente;09/02/2026 16:18:00
Dúvidas Gerais;Gabriel Santos;Empresa Simulada;Cliente 002;202600000207;E-mail;25/02/2026 10:08:00;25/02/2026 10:23:00;25/02/2026 10:10:00;00:15:00;00:35:00;00:30:00;00:01:00;00:10:00;Transferido;Humano;Urgente;1183.0;;;Cliente Simulado C;Registro simulado para estudo acadêmico;Receptivo;2;2;202600000065.0;Reincidente;25/02/2026 10:58:00
Pós-venda;;Empresa Simulada;Cliente 001;202600000194;Whatsapp;19/02/2026 09:48:00;19/02/2026 09:58:00;19/02/2026 09:51:00;00:10:00;00:30:00;00:20:00;00:08:00;00:07:00;Em atendimento;Humano;Padrão;;;;Cliente Simulado A;Registro simulado para estudo acadêmico;Ativo;3;4;;Reincidente;-
Dúvidas Gerais;;Empresa Simulada;Cliente 006;202600000189;E-mail;17/02/2026 12:09:00;17/02/2026 12:09:00;17/02/2026 12:11:00;00:00:00;02:10:00;00:00:00;00:01:00;00:04:00;Finalizado;Misto;Urgente;1185.0;;;Cliente Simulado D;;Receptivo;0;6;;Reincidente;17/02/2026 14:19:00
Suporte Técnico;;Empresa Simulada;Cliente 005;202600000209;E-mail;09/02/2026 08:00:00;09/02/2026 11:00:00;09/02/2026 08:02:00;03:00:00;01:30:00;00:30:00;00:00:00;00:10:00;Finalizado;Misto;Normal;;;;Cliente Simulado D;;Ativo;2;2;202600000095.0;;09/02/2026 12:30:00
Atendimento Comercial;Ana Souza;Empresa Simulada;Cliente 002;202600000210;Telefone;29/01/2026 08:27:00;29/01/2026 08:32:00;29/01/2026 08:29:00;00:05:00;00:30:00;00:00:00;00:01:00;00:04:00;Finalizado;Misto;Normal;1187.0;;;;Registro simulado para estudo acadêmico;Receptivo;7;5;202600000010.0;Reincidente;29/01/2026 09:02:00
Pós-venda;Ana Souza;Empresa Simulada;Cliente 003;202600000206;E-mail;07/02/2026 11:11:00;-;07/02/2026 11:11:00;00:45:00;00:00:00;00:00:00;00:03:00;00:07:00;Aguardando atendimento;Humano;Urgente;;;;Cliente Simulado C;;Receptivo;3;7;202600000072.0;;-
Dúvidas Gerais;Gabriel Santos;Empresa Simulada;Cliente 003;202600000198;Whatsapp;12/01/2026 13:28:00;12/01/2026 13:31:00;12/01/2026 13:29:00;00:03:00;00:45:00;00:05:00;00:00:00;00:04:00;Finalizado por inatividade;Misto;Padrão;1189.0;;;;;Receptivo;0;4;;Reincidente;12/01/2026 14:16:00
Pós-venda;;Empresa Simulada;Cliente 001;202600000218;E-mail;06/02/2026 09:06:00;06/02/2026 09:07:00;06/02/2026 09:06:00;00:01:00;00:05:00;00:20:00;00:08:00;00:00:00;Em atendimento;Misto;Urgente;1190.0;;;Cliente Simulado D;Registro simulado para estudo acadêmico;Ativo;2;0;202600000059.0;Reincidente;-
Suporte Técnico;Diego Rocha;Empresa Simulada;Cliente 004;202600000221;Portal;07/01/2026 09:04:00;07/01/2026 09:04:00;07/01/2026 09:05:00;00:00:00;00:35:00;00:00:00;00:05:00;00:00:00;Transferido;Misto;Padrão;;;;Cliente Simulado C;;Receptivo;1;0;202600000083.0;;07/01/2026 09:39:00
Dúvidas Gerais;Ana Souza;Empresa Simulada;Cliente 003;202600000202;Portal;22/02/2026 17:02:00;22/02/2026 20:02:00;22/02/2026 17:02:00;03:00:00;02:10:00;00:00:00;00:01:00;00:10:00;Finalizado;Automático;Padrão;1192.0;;;Cliente Simulado A;;Ativo;3;2;;Reincidente;22/02/2026 22:12:00
Suporte SAC;Ana Souza;Empresa Simulada;Cliente 005;202600000197;Portal;14/02/2026 10:19:00;14/02/2026 12:19:00;14/02/2026 10:21:00;02:00:00;00:05:00;00:10:00;00:05:00;00:00:00;Finalizado por inatividade;Misto;Urgente;;;;Cliente Simulado C;;Receptivo;3;6;202600000083.0;Rechamada;14/02/2026 12:24:00
Dúvidas Gerais;Diego Rocha;Empresa Simulada;Cliente 006;202600000222;Whatsapp;15/01/2026 10:14:00;15/01/2026 11:34:00;15/01/2026 10:16:00;01:20:00;00:12:00;00:20:00;00:05:00;00:00:00;Finalizado;Automático;Urgente;;;;Cliente Simulado C;;Ativo;7;5;;Rechamada;15/01/2026 11:46:00
Dúvidas Gerais;Bruno Lima;Empresa Simulada;Cliente 005;202600000205;Telefone;11/01/2026 12:39:00;11/01/2026 12:39:00;11/01/2026 12:40:00;00:00:00;01:30:00;00:00:00;00:05:00;00:10:00;Finalizado;Automático;Padrão;;;;Cliente Simulado A;;Ativo;3;6;;Rechamada;11/01/2026 14:09:00
Dúvidas Gerais;Ana Souza;Empresa Simulada;Cliente 007;202600000202;Telefone;17/02/2026 13:56:00;17/02/2026 14:21:00;17/02/2026 13:59:00;00:25:00;00:30:00;00:05:00;00:05:00;00:00:00;Finalizado;Humano;Urgente;;;;Cliente Simulado C;Registro simulado para estudo acadêmico;Ativo;1;0;202600000065.0;;17/02/2026 14:51:00
Atendimento Comercial;Carla Mendes;Empresa Simulada;Cliente 004;202600000213;E-mail;26/02/2026 17:37:00;26/02/2026 17:52:00;26/02/2026 17:38:00;00:15:00;00:35:00;00:00:00;00:05:00;00:07:00;Transferido;Misto;Urgente;;;;Cliente Simulado B;;Ativo;6;5;;Rechamada;26/02/2026 18:27:00
Atendimento Comercial;Gabriel Santos;Empresa Simulada;Cliente 006;202600000226;Portal;28/02/2026 17:43:00;28/02/2026 17:44:00;28/02/2026 17:44:00;00:01:00;00:12:00;00:10:00;00:05:00;00:10:00;Finalizado;Automático;Normal;;;;Cliente Simulado D;;Ativo;4;5;;Rechamada;28/02/2026 17:56:00
Dúvidas Gerais;Gabriel Santos;Empresa Simulada;Cliente 007;202600000222;Telefone;07/02/2026 13:24:00;07/02/2026 13:49:00;07/02/2026 13:27:00;00:25:00;00:02:00;00:20:00;00:01:00;00:00:00;Transferido;Misto;Padrão;1199.0;;;;Registro simulado para estudo acadêmico;Ativo;6;6;202600000047.0;;07/02/2026 13:51:00
Dúvidas Gerais;Bruno Lima;Empresa Simulada;Cliente 004;202600000201;E-mail;07/02/2026 12:24:00;07/02/2026 12:27:00;07/02/2026 12:27:00;00:03:00;00:45:00;00:05:00;00:03:00;00:07:00;Finalizado;Humano;Normal;1200.0;;;Cliente Simulado C;;Ativo;2;2;202600000047.0;;07/02/2026 13:12:00
Pós-venda;Ana Souza;Empresa Simulada;Cliente 002;202600000207;Whatsapp;16/02/2026 11:26:00;16/02/2026 11:36:00;16/02/2026 11:26:00;00:10:00;01:30:00;00:05:00;00:00:00;00:07:00;Finalizado;Humano;Urgente;1201.0;;;Cliente Simulado B;;Ativo;2;0;;Rechamada;16/02/2026 13:06:00
Pós-venda;;Empresa Simulada;Cliente 004;202600000222;E-mail;07/02/2026 14:38:00;07/02/2026 15:58:00;07/02/2026 14:38:00;01:20:00;00:10:00;00:00:00;00:00:00;00:04:00;Transferido;Humano;Padrão;1202.0;;;Cliente Simulado B;Registro simulado para estudo acadêmico;Ativo;4;2;202600000093.0;Reincidente;07/02/2026 16:08:00
Dúvidas Gerais;Gabriel Santos;Empresa Simulada;Cliente 004;202600000220;E-mail;03/02/2026 17:37:00;03/02/2026 17:37:00;03/02/2026 17:38:00;00:00:00;00:12:00;00:00:00;00:00:00;00:00:00;Finalizado;Misto;Normal;;;;Cliente Simulado D;Registro simulado para estudo acadêmico;Ativo;1;1;202600000062.0;Rechamada;03/02/2026 17:49:00
Pós-venda;Bruno Lima;Empresa Simulada;Cliente 007;202600000221;Portal;12/02/2026 16:52:00;12/02/2026 16:52:00;12/02/2026 16:55:00;00:00:00;00:45:00;00:30:00;00:00:00;00:10:00;Finalizado;Automático;Padrão;1204.0;;;;;Receptivo;2;4;;;12/02/2026 17:37:00
Dúvidas Gerais;Ana Souza;Empresa Simulada;Cliente 005;202600000224;Whatsapp;23/01/2026 17:56:00;23/01/2026 18:41:00;23/01/2026 17:59:00;00:45:00;00:05:00;00:20:00;00:08:00;00:00:00;Finalizado;Automático;Urgente;;;;Cliente Simulado C;;Receptivo;1;2;202600000055.0;Reincidente;23/01/2026 18:46:00
Dúvidas Gerais;Diego Rocha;Empresa Simulada;Cliente 002;202600000224;Telefone;21/01/2026 16:27:00;21/01/2026 17:47:00;21/01/2026 16:29:00;01:20:00;00:30:00;00:30:00;00:00:00;00:04:00;Em atendimento;Misto;Urgente;;;;Cliente Simulado C;;Receptivo;6;2;;Rechamada;-
Suporte SAC;Bruno Lima;Empresa Simulada;Cliente 004;202600000230;Whatsapp;02/02/2026 10:06:00;-;02/02/2026 10:09:00;00:03:00;00:00:00;00:30:00;00:05:00;00:07:00;Aguardando atendimento;Humano;Normal;;;;;;Ativo;1;4;;;-
Atendimento Comercial;Gabriel Santos;Empresa Simulada;Cliente 004;202600000210;Portal;12/02/2026 08:46:00;12/02/2026 09:01:00;12/02/2026 08:49:00;00:15:00;00:50:00;00:00:00;00:08:00;00:07:00;Em atendimento;Humano;Normal;1208.0;;;;;Ativo;0;3;;;-
Pós-venda;Diego Rocha;Empresa Simulada;Cliente 005;202600000231;E-mail;28/01/2026 11:41:00;28/01/2026 11:41:00;28/01/2026 11:42:00;00:00:00;00:30:00;00:30:00;00:03:00;00:02:00;Finalizado;Misto;Normal;1209.0;;;Cliente Simulado A;;Receptivo;5;5;;Rechamada;28/01/2026 12:11:00
Suporte Técnico;Carla Mendes;Empresa Simulada;Cliente 001;202600000227;Telefone;03/02/2026 14:36:00;03/02/2026 14:36:00;03/02/2026 14:38:00;00:00:00;02:10:00;00:00:00;00:05:00;00:00:00;Finalizado;Misto;Urgente;;;;Cliente Simulado D;;Receptivo;3;5;;Recorrente;03/02/2026 16:46:00
Suporte Técnico;Diego Rocha;Empresa Simulada;Cliente 003;202600000237;Whatsapp;11/02/2026 08:30:00;11/02/2026 08:30:00;11/02/2026 08:32:00;00:00:00;00:20:00;00:20:00;00:08:00;00:00:00;Finalizado;Misto;Padrão;;;;Cliente Simulado C;;Receptivo;5;1;;Recorrente;11/02/2026 08:50:00
Atendimento Comercial;;Empresa Simulada;Cliente 003;202600000220;E-mail;25/01/2026 13:13:00;25/01/2026 14:33:00;25/01/2026 13:15:00;01:20:00;00:20:00;00:05:00;00:08:00;00:00:00;Finalizado;Humano;Normal;;;;;;Ativo;1;1;202600000011.0;Recorrente;25/01/2026 14:53:00
Dúvidas Gerais;;Empresa Simulada;Cliente 003;202600000242;Portal;13/02/2026 08:48:00;13/02/2026 09:33:00;13/02/2026 08:48:00;00:45:00;00:10:00;00:10:00;00:01:00;00:04:00;Transferido;Humano;Urgente;;;;Cliente Simulado D;;Ativo;0;6;202600000062.0;;13/02/2026 09:43:00
Suporte SAC;Ana Souza;Empresa Simulada;Cliente 006;202600000225;E-mail;06/02/2026 13:25:00;06/02/2026 15:25:00;06/02/2026 13:26:00;02:00:00;00:08:00;00:20:00;00:05:00;00:04:00;Finalizado;Automático;Urgente;;;;Cliente Simulado C;;Receptivo;2;4;;Recorrente;06/02/2026 15:33:00
Pós-venda;Carla Mendes;Empresa Simulada;Cliente 004;202600000243;E-mail;13/02/2026 13:23:00;13/02/2026 13:24:00;13/02/2026 13:26:00;00:01:00;01:00:00;00:20:00;00:01:00;00:02:00;Finalizado;Misto;Normal;1215.0;;;Cliente Simulado B;;Receptivo;3;6;;Rechamada;13/02/2026 14:24:00
Suporte Técnico;;Empresa Simulada;Cliente 004;202600000234;Telefone;25/02/2026 10:30:00;25/02/2026 10:30:00;25/02/2026 10:31:00;00:00:00;00:12:00;00:30:00;00:08:00;00:07:00;Finalizado;Automático;Urgente;1216.0;;;Cliente Simulado A;;Ativo;2;0;;Recorrente;25/02/2026 10:42:00
Suporte SAC;Diego Rocha;Empresa Simulada;Cliente 001;202600000229;Telefone;27/02/2026 09:28:00;27/02/2026 12:28:00;27/02/2026 09:30:00;03:00:00;00:45:00;00:10:00;00:05:00;00:02:00;Finalizado;Misto;Urgente;;;;;Registro simulado para estudo acadêmico;Ativo;4;5;202600000042.0;Recorrente;27/02/2026 13:13:00
Suporte Técnico;Diego Rocha;Empresa Simulada;Cliente 006;202600000239;Portal;23/02/2026 15:56:00;23/02/2026 15:56:00;23/02/2026 15:59:00;00:00:00;00:30:00;00:20:00;00:00:00;00:00:00;Em atendimento;Humano;Normal;;;;Cliente Simulado C;;Receptivo;5;4;;Recorrente;-
Atendimento Comercial;Gabriel Santos;Empresa Simulada;Cliente 003;202600000243;Whatsapp;22/01/2026 15:49:00;22/01/2026 15:59:00;22/01/2026 15:52:00;00:10:00;00:12:00;00:30:00;00:00:00;00:00:00;Finalizado;Humano;Normal;;;;Cliente Simulado A;;Ativo;7;0;;;22/01/2026 16:11:00
Suporte Técnico;Diego Rocha;Empresa Simulada;Cliente 006;202600000244;E-mail;11/01/2026 12:39:00;11/01/2026 12:40:00;11/01/2026 12:39:00;00:01:00;00:30:00;00:00:00;00:00:00;00:00:00;Em atendimento;Humano;Urgente;;;;Cliente Simulado A;;Receptivo;5;7;202600000060.0;Reincidente;-
Dúvidas Gerais;Diego Rocha;Empresa Simulada;Cliente 005;202600000250;Telefone;09/02/2026 15:08:00;09/02/2026 18:08:00;09/02/2026 15:09:00;03:00:00;00:30:00;00:20:00;00:08:00;00:10:00;Em atendimento;Automático;Padrão;1221.0;;;Cliente Simulado B;;Receptivo;4;5;;Rechamada;-
Pós-venda;;Empresa Simulada;Cliente 004;202600000252;Telefone;24/01/2026 08:00:00;24/01/2026 08:45:00;24/01/2026 08:01:00;00:45:00;01:30:00;00:10:00;00:00:00;00:10:00;Finalizado;Humano;Padrão;;;;;;Ativo;5;3;202600000053.0;Recorrente;24/01/2026 10:15:00
Atendimento Comercial;Fernanda Alves;Empresa Simulada;Cliente 007;202600000244;Telefone;30/01/2026 11:10:00;30/01/2026 14:10:00;30/01/2026 11:13:00;03:00:00;00:05:00;00:00:00;00:00:00;00:04:00;Transferido;Automático;Urgente;1223.0;;;;;Receptivo;3;1;;Reincidente;30/01/2026 14:15:00
Atendimento Comercial;Ana Souza;Empresa Simulada;Cliente 005;202600000225;Whatsapp;12/01/2026 15:39:00;-;12/01/2026 15:41:00;00:25:00;00:00:00;00:05:00;00:00:00;00:02:00;Aguardando atendimento;Humano;Normal;;;;Cliente Simulado C;;Receptivo;0;3;;;-
Suporte SAC;Carla Mendes;Empresa Simulada;Cliente 001;202600000248;E-mail;05/02/2026 11:21:00;-;05/02/2026 11:23:00;00:15:00;00:00:00;00:05:00;00:01:00;00:04:00;Aguardando atendimento;Humano;Padrão;;;;Cliente Simulado A;Registro simulado para estudo acadêmico;Receptivo;2;3;;;-
Suporte SAC;Fernanda Alves;Empresa Simulada;Cliente 006;202600000250;E-mail;12/01/2026 11:24:00;-;12/01/2026 11:25:00;00:25:00;00:00:00;00:00:00;00:00:00;00:04:00;Aguardando atendimento;Automático;Padrão;1226.0;;;Cliente Simulado C;;Ativo;0;1;;Reincidente;-
Atendimento Comercial;;Empresa Simulada;Cliente 003;202600000228;Whatsapp;17/01/2026 13:56:00;17/01/2026 13:56:00;17/01/2026 13:57:00;00:00:00;00:20:00;00:20:00;00:03:00;00:02:00;Finalizado por inatividade;Automático;Normal;;;;Cliente Simulado A;Registro simulado para estudo acadêmico;Receptivo;2;5;;Rechamada;17/01/2026 14:16:00
Dúvidas Gerais;;Empresa Simulada;Cliente 001;202600000233;E-mail;15/01/2026 15:05:00;15/01/2026 17:05:00;15/01/2026 15:07:00;02:00:00;00:05:00;00:00:00;00:01:00;00:10:00;Finalizado por inatividade;Automático;Normal;;;;;Registro simulado para estudo acadêmico;Receptivo;7;3;202600000003.0;Recorrente;15/01/2026 17:10:00
Pós-venda;Bruno Lima;Empresa Simulada;Cliente 005;202600000252;E-mail;27/01/2026 10:16:00;-;27/01/2026 10:19:00;00:00:00;00:00:00;00:10:00;00:01:00;00:07:00;Aguardando atendimento;Misto;Padrão;;;;Cliente Simulado D;;Ativo;1;2;;Reincidente;-
Dúvidas Gerais;Bruno Lima;Empresa Simulada;Cliente 003;202600000255;Whatsapp;08/02/2026 13:29:00;-;08/02/2026 13:32:00;00:00:00;00:00:00;00:00:00;00:05:00;00:02:00;Aguardando atendimento;Misto;Urgente;;;;Cliente Simulado B;Registro simulado para estudo acadêmico;Receptivo;2;4;;Reincidente;-
Pós-venda;Bruno Lima;Empresa Simulada;Cliente 001;202600000235;Whatsapp;12/01/2026 09:33:00;12/01/2026 11:33:00;12/01/2026 09:33:00;02:00:00;00:12:00;00:00:00;00:00:00;00:00:00;Finalizado;Misto;Urgente;;;;Cliente Simulado D;Registro simulado para estudo acadêmico;Receptivo;0;5;202600000029.0;;12/01/2026 11:45:00
Pós-venda;;Empresa Simulada;Cliente 003;202600000261;Whatsapp;05/01/2026 11:41:00;05/01/2026 12:06:00;05/01/2026 11:41:00;00:25:00;00:05:00;00:00:00;00:05:00;00:10:00;Finalizado;Misto;Padrão;1232.0;;;Cliente Simulado A;Registro simulado para estudo acadêmico;Ativo;4;1;202600000028.0;;05/01/2026 12:11:00
Dúvidas Gerais;Diego Rocha;Empresa Simulada;Cliente 006;202600000251;Whatsapp;11/01/2026 11:34:00;11/01/2026 11:49:00;11/01/2026 11:35:00;00:15:00;00:20:00;00:10:00;00:08:00;00:00:00;Finalizado;Misto;Urgente;;;;Cliente Simulado D;Registro simulado para estudo acadêmico;Receptivo;1;2;202600000024.0;Recorrente;11/01/2026 12:09:00
Pós-venda;;Empresa Simulada;Cliente 006;202600000248;Telefone;06/02/2026 13:42:00;06/02/2026 13:43:00;06/02/2026 13:45:00;00:01:00;00:45:00;00:10:00;00:01:00;00:02:00;Finalizado por inatividade;Misto;Normal;1234.0;;;;;Receptivo;4;5;;Recorrente;06/02/2026 14:28:00
Suporte Técnico;Ana Souza;Empresa Simulada;Cliente 007;202600000242;Telefone;05/01/2026 08:18:00;05/01/2026 09:38:00;05/01/2026 08:18:00;01:20:00;00:30:00;00:00:00;00:01:00;00:00:00;Finalizado;Misto;Urgente;1235.0;;;;Registro simulado para estudo acadêmico;Ativo;1;0;;Rechamada;05/01/2026 10:08:00
Atendimento Comercial;Gabriel Santos;Empresa Simulada;Cliente 001;202600000255;Telefone;13/01/2026 12:23:00;13/01/2026 13:43:00;13/01/2026 12:24:00;01:20:00;00:30:00;00:00:00;00:05:00;00:04:00;Finalizado;Automático;Normal;;;;;;Receptivo;0;6;;Reincidente;13/01/2026 14:13:00
Pós-venda;Ana Souza;Empresa Simulada;Cliente 003;202600000258;Whatsapp;27/01/2026 14:26:00;-;27/01/2026 14:27:00;00:00:00;00:00:00;00:30:00;00:05:00;00:00:00;Aguardando atendimento;Automático;Urgente;1237.0;;;Cliente Simulado B;;Ativo;2;0;202600000087.0;Recorrente;-
Suporte Técnico;Ana Souza;Empresa Simulada;Cliente 004;202600000243;Whatsapp;02/02/2026 17:36:00;02/02/2026 18:21:00;02/02/2026 17:36:00;00:45:00;00:30:00;00:30:00;00:03:00;00:00:00;Finalizado;Misto;Padrão;;;;Cliente Simulado A;;Receptivo;2;2;202600000062.0;Rechamada;02/02/2026 18:51:00
Pós-venda;Carla Mendes;Empresa Simulada;Cliente 006;202600000248;Whatsapp;05/02/2026 14:41:00;05/02/2026 16:01:00;05/02/2026 14:42:00;01:20:00;00:50:00;00:00:00;00:00:00;00:00:00;Em atendimento;Humano;Urgente;;;;Cliente Simulado D;;Receptivo;3;5;202600000045.0;;-
Suporte Técnico;Bruno Lima;Empresa Simulada;Cliente 007;202600000262;Whatsapp;23/02/2026 12:10:00;23/02/2026 12:20:00;23/02/2026 12:13:00;00:10:00;00:30:00;00:00:00;00:00:00;00:00:00;Em atendimento;Humano;Urgente;;;;Cliente Simulado B;Registro simulado para estudo acadêmico;Ativo;4;0;202600000044.0;;-
Suporte Técnico;Fernanda Alves;Empresa Simulada;Cliente 004;202600000258;E-mail;24/01/2026 15:30:00;24/01/2026 15:30:00;24/01/2026 15:32:00;00:00:00;02:10:00;00:00:00;00:00:00;00:07:00;Finalizado;Misto;Urgente;1241.0;;;Cliente Simulado A;;Ativo;4;2;;Rechamada;24/01/2026 17:40:00
Suporte Técnico;;Empresa Simulada;Cliente 001;202600000251;Whatsapp;24/02/2026 17:17:00;24/02/2026 17:17:00;24/02/2026 17:20:00;00:00:00;00:00:00;00:00:00;00:03:00;00:10:00;Em atendimento;Automático;Urgente;;;;Cliente Simulado B;;Ativo;5;7;202600000077.0;;-
Atendimento Comercial;Ana Souza;Empresa Simulada;Cliente 003;202600000256;Telefone;16/01/2026 11:32:00;16/01/2026 11:57:00;16/01/2026 11:32:00;00:25:00;02:10:00;00:00:00;00:01:00;00:04:00;Finalizado;Automático;Urgente;;;;Cliente Simulado B;Registro simulado para estudo acadêmico;Receptivo;0;4;;Reincidente;16/01/2026 14:07:00
Atendimento Comercial;Diego Rocha;Empresa Simulada;Cliente 002;202600000272;E-mail;19/01/2026 10:21:00;19/01/2026 10:36:00;19/01/2026 10:22:00;00:15:00;01:00:00;00:10:00;00:08:00;00:07:00;Finalizado;Automático;Padrão;1244.0;;;Cliente Simulado C;;Ativo;3;2;202600000075.0;Rechamada;19/01/2026 11:36:00
Suporte SAC;Fernanda Alves;Empresa Simulada;Cliente 005;202600000256;Whatsapp;01/03/2026 10:19:00;01/03/2026 13:19:00;01/03/2026 10:20:00;03:00:00;00:12:00;00:20:00;00:05:00;00:00:00;Finalizado;Humano;Padrão;;;;Cliente Simulado A;;Receptivo;6;4;202600000057.0;Reincidente;01/03/2026 13:31:00
Dúvidas Gerais;Bruno Lima;Empresa Simulada;Cliente 002;202600000254;Whatsapp;14/01/2026 11:06:00;14/01/2026 11:07:00;14/01/2026 11:07:00;00:01:00;00:30:00;00:10:00;00:05:00;00:07:00;Finalizado;Automático;Normal;1246.0;;;Cliente Simulado D;;Receptivo;5;2;;Recorrente;14/01/2026 11:37:00
Atendimento Comercial;;Empresa Simulada;Cliente 002;202600000271;Whatsapp;13/01/2026 10:12:00;13/01/2026 10:15:00;13/01/2026 10:12:00;00:03:00;00:05:00;00:00:00;00:03:00;00:00:00;Finalizado;Humano;Padrão;1247.0;;;Cliente Simulado D;Registro simulado para estudo acadêmico;Receptivo;7;3;;;13/01/2026 10:20:00
Suporte SAC;Fernanda Alves;Empresa Simulada;Cliente 001;202600000269;Portal;12/02/2026 14:46:00;12/02/2026 14:56:00;12/02/2026 14:49:00;00:10:00;00:50:00;00:10:00;00:05:00;00:07:00;Em atendimento;Automático;Normal;;;;;Registro simulado para estudo acadêmico;Receptivo;0;6;202600000067.0;;-
Suporte Técnico;Fernanda Alves;Empresa Simulada;Cliente 001;202600000263;E-mail;17/01/2026 12:28:00;-;17/01/2026 12:30:00;00:15:00;00:00:00;00:00:00;00:03:00;00:00:00;Aguardando atendimento;Automático;Urgente;;;;Cliente Simulado A;Registro simulado para estudo acadêmico;Ativo;2;2;;Reincidente;-
Atendimento Comercial;Gabriel Santos;Empresa Simulada;Cliente 006;202600000271;Whatsapp;02/02/2026 08:11:00;02/02/2026 08:36:00;02/02/2026 08:12:00;00:25:00;00:02:00;00:00:00;00:01:00;00:10:00;Transferido;Humano;Normal;1250.0;;;Cliente Simulado D;Registro simulado para estudo acadêmico;Receptivo;1;6;202600000094.0;Rechamada;02/02/2026 08:38:00
Atendimento Comercial;Bruno Lima;Empresa Simulada;Cliente 007;202600000257;Whatsapp;29/01/2026 16:24:00;29/01/2026 16:24:00;29/01/2026 16:25:00;00:00:00;00:35:00;00:30:00;00:08:00;00:00:00;Transferido;Automático;Padrão;;;;Cliente Simulado D;;Ativo;1;2;;Reincidente;29/01/2026 16:59:00
Pós-venda;Diego Rocha;Empresa Simulada;Cliente 004;202600000274;Portal;05/01/2026 15:31:00;05/01/2026 15:56:00;05/01/2026 15:31:00;00:25:00;00:30:00;00:00:00;00:00:00;00:07:00;Em atendimento;Humano;Urgente;1252.0;;;Cliente Simulado A;;Receptivo;3;0;;;-
Suporte SAC;Diego Rocha;Empresa Simulada;Cliente 002;202600000255;E-mail;15/02/2026 13:02:00;15/02/2026 13:03:00;15/02/2026 13:02:00;00:01:00;00:50:00;00:00:00;00:01:00;00:00:00;Em atendimento;Misto;Padrão;1253.0;;;;Registro simulado para estudo acadêmico;Ativo;7;5;;Reincidente;-
Pós-venda;Bruno Lima;Empresa Simulada;Cliente 001;202600000264;Telefone;25/01/2026 13:57:00;-;25/01/2026 13:57:00;00:15:00;00:00:00;00:30:00;00:05:00;00:00:00;Aguardando atendimento;Automático;Urgente;;;;;;Ativo;0;1;202600000074.0;;-
Suporte Técnico;Bruno Lima;Empresa Simulada;Cliente 005;202600000275;Portal;04/02/2026 17:59:00;04/02/2026 20:59:00;04/02/2026 18:01:00;03:00:00;00:45:00;00:00:00;00:05:00;00:07:00;Finalizado;Misto;Urgente;1255.0;;;Cliente Simulado D;;Ativo;3;4;;;04/02/2026 21:44:00
Dúvidas Gerais;;Empresa Simulada;Cliente 006;202600000268;E-mail;06/01/2026 15:40:00;06/01/2026 15:40:00;06/01/2026 15:41:00;00:00:00;00:20:00;00:05:00;00:00:00;00:02:00;Transferido;Humano;Urgente;;;;Cliente Simulado C;;Ativo;4;4;202600000065.0;Reincidente;06/01/2026 16:00:00
Suporte Técnico;Gabriel Santos;Empresa Simulada;Cliente 004;202600000268;Portal;23/02/2026 08:07:00;23/02/2026 10:07:00;23/02/2026 08:09:00;02:00:00;00:05:00;00:30:00;00:00:00;00:00:00;Finalizado;Humano;Urgente;;;;Cliente Simulado D;;Receptivo;5;7;202600000053.0;;23/02/2026 10:12:00
Suporte Técnico;Ana Souza;Empresa Simulada;Cliente 002;202600000269;Telefone;27/02/2026 16:19:00;27/02/2026 17:39:00;27/02/2026 16:21:00;01:20:00;00:00:00;00:00:00;00:05:00;00:10:00;Em atendimento;Humano;Padrão;;;;;;Receptivo;2;1;;Reincidente;-
Dúvidas Gerais;Carla Mendes;Empresa Simulada;Cliente 002;202600000266;Whatsapp;19/02/2026 08:17:00;19/02/2026 08:32:00;19/02/2026 08:17:00;00:15:00;00:20:00;00:00:00;00:03:00;00:02:00;Finalizado;Automático;Normal;;;;Cliente Simulado A;;Ativo;7;2;;Recorrente;19/02/2026 08:52:00
Atendimento Comercial;Gabriel Santos;Empresa Simulada;Cliente 001;202600000265;Portal;20/02/2026 16:19:00;-;20/02/2026 16:20:00;00:10:00;00:00:00;00:00:00;00:05:00;00:10:00;Aguardando atendimento;Automático;Urgente;1260.0;;;Cliente Simulado A;;Receptivo;0;1;;;-
Atendimento Comercial;Carla Mendes;Empresa Simulada;Cliente 003;202600000268;Telefone;11/01/2026 16:49:00;11/01/2026 18:49:00;11/01/2026 16:51:00;02:00:00;00:30:00;00:20:00;00:00:00;00:02:00;Finalizado;Automático;Urgente;;;;Cliente Simulado C;;Ativo;4;1;202600000002.0;;11/01/2026 19:19:00
Suporte Técnico;Fernanda Alves;Empresa Simulada;Cliente 003;202600000265;Portal;18/01/2026 16:22:00;18/01/2026 17:07:00;18/01/2026 16:24:00;00:45:00;00:30:00;00:10:00;00:00:00;00:00:00;Finalizado;Humano;Normal;;;;Cliente Simulado D;Registro simulado para estudo acadêmico;Ativo;1;6;;Recorrente;18/01/2026 17:37:00
Dúvidas Gerais;Ana Souza;Empresa Simulada;Cliente 007;202600000288;Portal;30/01/2026 10:45:00;30/01/2026 12:05:00;30/01/2026 10:48:00;01:20:00;00:15:00;00:00:00;00:00:00;00:10:00;Em atendimento;Misto;Normal;;;;Cliente Simulado D;;Receptivo;4;7;;Rechamada;-
Suporte SAC;Ana Souza;Empresa Simulada;Cliente 004;202600000280;Whatsapp;14/01/2026 17:16:00;14/01/2026 17:26:00;14/01/2026 17:19:00;00:10:00;00:45:00;00:30:00;00:01:00;00:04:00;Finalizado;Automático;Padrão;;;;Cliente Simulado B;;Receptivo;2;1;202600000052.0;;14/01/2026 18:11:00
Atendimento Comercial;Fernanda Alves;Empresa Simulada;Cliente 002;202600000285;Portal;25/01/2026 16:41:00;25/01/2026 16:41:00;25/01/2026 16:43:00;00:00:00;01:00:00;00:10:00;00:03:00;00:00:00;Finalizado;Automático;Normal;;;;Cliente Simulado B;Registro simulado para estudo acadêmico;Receptivo;6;5;202600000070.0;Rechamada;25/01/2026 17:41:00
Pós-venda;Bruno Lima;Empresa Simulada;Cliente 003;202600000293;Portal;16/01/2026 09:47:00;16/01/2026 12:47:00;16/01/2026 09:50:00;03:00:00;01:30:00;00:00:00;00:05:00;00:00:00;Finalizado;Humano;Urgente;;;;;;Receptivo;7;0;;Rechamada;16/01/2026 14:17:00
Atendimento Comercial;Bruno Lima;Empresa Simulada;Cliente 006;202600000282;Telefone;11/02/2026 08:48:00;11/02/2026 08:49:00;11/02/2026 08:49:00;00:01:00;00:30:00;00:05:00;00:05:00;00:07:00;Finalizado;Automático;Urgente;1267.0;;;Cliente Simulado C;;Receptivo;1;0;202600000079.0;Recorrente;11/02/2026 09:19:00
Suporte Técnico;Ana Souza;Empresa Simulada;Cliente 007;202600000286;Telefone;28/02/2026 10:54:00;28/02/2026 10:59:00;28/02/2026 10:54:00;00:05:00;02:10:00;00:00:00;00:00:00;00:10:00;Finalizado;Humano;Normal;;;;;;Receptivo;6;6;;Rechamada;28/02/2026 13:09:00
Atendimento Comercial;Bruno Lima;Empresa Simulada;Cliente 001;202600000279;Whatsapp;16/02/2026 10:30:00;16/02/2026 10:31:00;16/02/2026 10:31:00;00:01:00;00:15:00;00:30:00;00:03:00;00:00:00;Em atendimento;Misto;Normal;;;;Cliente Simulado D;Registro simulado para estudo acadêmico;Receptivo;2;1;202600000018.0;Recorrente;-
Pós-venda;Diego Rocha;Empresa Simulada;Cliente 003;202600000297;E-mail;01/03/2026 15:57:00;01/03/2026 18:57:00;01/03/2026 16:00:00;03:00:00;00:30:00;00:10:00;00:03:00;00:07:00;Em atendimento;Humano;Padrão;1270.0;;;Cliente Simulado A;Registro simulado para estudo acadêmico;Receptivo;3;4;202600000053.0;Reincidente;-
Dúvidas Gerais;;Empresa Simulada;Cliente 007;202600000295;Telefone;07/01/2026 08:36:00;07/01/2026 09:01:00;07/01/2026 08:38:00;00:25:00;01:30:00;00:20:00;00:00:00;00:00:00;Finalizado;Automático;Urgente;;;;;Registro simulado para estudo acadêmico;Ativo;3;7;202600000081.0;;07/01/2026 10:31:00
Dúvidas Gerais;Diego Rocha;Empresa Simulada;Cliente 005;202600000287;Telefone;17/02/2026 16:51:00;17/02/2026 18:11:00;17/02/2026 16:53:00;01:20:00;00:15:00;00:10:00;00:00:00;00:04:00;Em atendimento;Automático;Padrão;;;;Cliente Simulado C;;Ativo;4;4;202600000008.0;Recorrente;-
Atendimento Comercial;Fernanda Alves;Empresa Simulada;Cliente 001;202600000276;Telefone;11/02/2026 10:36:00;11/02/2026 10:36:00;11/02/2026 10:38:00;00:00:00;00:35:00;00:00:00;00:01:00;00:04:00;Transferido;Automático;Normal;1273.0;;;Cliente Simulado C;;Receptivo;0;1;;Rechamada;11/02/2026 11:11:00
Dúvidas Gerais;;Empresa Simulada;Cliente 001;202600000300;Telefone;16/02/2026 15:23:00;-;16/02/2026 15:25:00;00:01:00;00:00:00;00:00:00;00:03:00;00:00:00;Aguardando atendimento;Humano;Normal;1274.0;;;Cliente Simulado B;;Receptivo;6;3;;Rechamada;-
Pós-venda;Carla Mendes;Empresa Simulada;Cliente 004;202600000288;E-mail;18/01/2026 17:46:00;18/01/2026 17:56:00;18/01/2026 17:46:00;00:10:00;00:00:00;00:00:00;00:00:00;00:04:00;Em atendimento;Automático;Urgente;1275.0;;;Cliente Simulado D;;Receptivo;2;6;;Recorrente;-
Suporte Técnico;Carla Mendes;Empresa Simulada;Cliente 003;202600000296;Telefone;29/01/2026 13:33:00;29/01/2026 15:33:00;29/01/2026 13:33:00;02:00:00;02:10:00;00:20:00;00:01:00;00:04:00;Finalizado;Humano;Padrão;1276.0;;;;;Receptivo;3;3;;Rechamada;29/01/2026 17:43:00
Pós-venda;Carla Mendes;Empresa Simulada;Cliente 002;202600000281;Telefone;25/01/2026 16:00:00;25/01/2026 18:00:00;25/01/2026 16:00:00;02:00:00;00:02:00;00:05:00;00:00:00;00:07:00;Transferido;Automático;Normal;;;;Cliente Simulado A;Registro simulado para estudo acadêmico;Ativo;0;3;202600000077.0;;25/01/2026 18:02:00
Suporte Técnico;Diego Rocha;Empresa Simulada;Cliente 006;202600000287;Whatsapp;19/02/2026 09:05:00;19/02/2026 10:25:00;19/02/2026 09:06:00;01:20:00;00:12:00;00:00:00;00:08:00;00:00:00;Finalizado;Misto;Padrão;;;;Cliente Simulado D;Registro simulado para estudo acadêmico;Receptivo;4;2;;Reincidente;19/02/2026 10:37:00
Suporte SAC;Diego Rocha;Empresa Simulada;Cliente 002;202600000294;Portal;23/02/2026 08:24:00;23/02/2026 08:39:00;23/02/2026 08:26:00;00:15:00;00:30:00;00:30:00;00:01:00;00:00:00;Finalizado por inatividade;Humano;Urgente;;;;Cliente Simulado A;;Receptivo;3;1;202600000057.0;Reincidente;23/02/2026 09:09:00
Suporte SAC;Ana Souza;Empresa Simulada;Cliente 006;202600000301;Portal;11/01/2026 08:04:00;-;11/01/2026 08:06:00;00:00:00;00:00:00;00:00:00;00:03:00;00:00:00;Aguardando atendimento;Automático;Normal;1280.0;;;Cliente Simulado C;;Ativo;7;7;;;-
Pós-venda;Ana Souza;Empresa Simulada;Cliente 006;202600000291;Whatsapp;08/02/2026 11:00:00;08/02/2026 11:15:00;08/02/2026 11:03:00;00:15:00;02:10:00;00:00:00;00:01:00;00:10:00;Finalizado;Automático;Urgente;;;;Cliente Simulado A;;Receptivo;3;2;;Recorrente;08/02/2026 13:25:00
Atendimento Comercial;Bruno Lima;Empresa Simulada;Cliente 001;202600000297;E-mail;16/02/2026 11:19:00;16/02/2026 14:19:00;16/02/2026 11:22:00;03:00:00;00:10:00;00:05:00;00:00:00;00:10:00;Transferido;Humano;Urgente;1282.0;;;Cliente Simulado B;;Receptivo;1;4;202600000064.0;Recorrente;16/02/2026 14:29:00
Dúvidas Gerais;Diego Rocha;Empresa Simulada;Cliente 006;202600000290;E-mail;06/01/2026 08:21:00;-;06/01/2026 08:23:00;00:00:00;00:00:00;00:00:00;00:03:00;00:00:00;Aguardando atendimento;Misto;Urgente;;;;Cliente Simulado A;;Ativo;7;0;202600000061.0;;-
Dúvidas Gerais;Ana Souza;Empresa Simulada;Cliente 007;202600000311;Whatsapp;20/01/2026 10:00:00;20/01/2026 10:01:00;20/01/2026 10:00:00;00:01:00;00:02:00;00:05:00;00:05:00;00:00:00;Transferido;Humano;Padrão;1284.0;;;;;Ativo;3;6;202600000044.0;Recorrente;20/01/2026 10:03:00
Suporte Técnico;Ana Souza;Empresa Simulada;Cliente 001;202600000291;Telefone;25/01/2026 09:43:00;25/01/2026 11:03:00;25/01/2026 09:44:00;01:20:00;00:20:00;00:30:00;00:00:00;00:07:00;Finalizado;Humano;Padrão;;;;Cliente Simulado C;Registro simulado para estudo acadêmico;Ativo;7;3;;Rechamada;25/01/2026 11:23:00
Suporte SAC;Gabriel Santos;Empresa Simulada;Cliente 006;202600000316;Telefone;11/01/2026 17:24:00;11/01/2026 17:25:00;11/01/2026 17:24:00;00:01:00;00:02:00;00:00:00;00:00:00;00:00:00;Transferido;Automático;Urgente;;;;Cliente Simulado B;;Ativo;4;7;;Rechamada;11/01/2026 17:27:00
Suporte SAC;Fernanda Alves;Empresa Simulada;Cliente 002;202600000301;E-mail;13/02/2026 08:38:00;13/02/2026 08:39:00;13/02/2026 08:41:00;00:01:00;00:00:00;00:20:00;00:01:00;00:02:00;Em atendimento;Humano;Urgente;;;;;;Ativo;7;3;;Rechamada;-
Atendimento Comercial;Diego Rocha;Empresa Simulada;Cliente 003;202600000298;Telefone;12/01/2026 10:43:00;12/01/2026 11:08:00;12/01/2026 10:46:00;00:25:00;00:05:00;00:00:00;00:08:00;00:02:00;Finalizado;Misto;Padrão;;;;Cliente Simulado A;Registro simulado para estudo acadêmico;Ativo;2;2;;;12/01/2026 11:13:00
Suporte SAC;Bruno Lima;Empresa Simulada;Cliente 006;202600000297;Portal;09/01/2026 11:46:00;09/01/2026 12:11:00;09/01/2026 11:48:00;00:25:00;00:45:00;00:00:00;00:00:00;00:02:00;Finalizado;Humano;Padrão;;;;Cliente Simulado A;;Receptivo;0;6;;Recorrente;09/01/2026 12:56:00
Suporte Técnico;Bruno Lima;Empresa Simulada;Cliente 001;202600000297;Whatsapp;16/01/2026 14:23:00;-;16/01/2026 14:26:00;00:01:00;00:00:00;00:20:00;00:01:00;00:02:00;Aguardando atendimento;Automático;Normal;;;;Cliente Simulado D;;Receptivo;2;5;;Rechamada;-
Pós-venda;Carla Mendes;Empresa Simulada;Cliente 001;202600000307;Portal;24/02/2026 17:57:00;24/02/2026 17:58:00;24/02/2026 17:58:00;00:01:00;02:10:00;00:05:00;00:00:00;00:07:00;Finalizado;Misto;Normal;;;;Cliente Simulado C;;Ativo;2;0;;;24/02/2026 20:08:00
Dúvidas Gerais;;Empresa Simulada;Cliente 001;202600000295;Portal;04/02/2026 16:02:00;04/02/2026 16:17:00;04/02/2026 16:05:00;00:15:00;00:08:00;00:05:00;00:03:00;00:00:00;Finalizado;Humano;Normal;;;;Cliente Simulado C;;Ativo;0;7;;Rechamada;04/02/2026 16:25:00
Atendimento Comercial;;Empresa Simulada;Cliente 007;202600000306;Telefone;19/02/2026 15:54:00;19/02/2026 17:14:00;19/02/2026 15:54:00;01:20:00;01:30:00;00:30:00;00:00:00;00:10:00;Finalizado por inatividade;Misto;Padrão;1293.0;;;Cliente Simulado A;Registro simulado para estudo acadêmico;Ativo;6;5;;Reincidente;19/02/2026 18:44:00
Suporte SAC;Fernanda Alves;Empresa Simulada;Cliente 006;202600000318;Telefone;01/02/2026 12:44:00;-;01/02/2026 12:45:00;01:20:00;00:00:00;00:00:00;00:05:00;00:02:00;Aguardando atendimento;Humano;Normal;;;;Cliente Simulado C;;Ativo;5;5;202600000023.0;;-
Atendimento Comercial;Carla Mendes;Empresa Simulada;Cliente 003;202600000302;Telefone;09/02/2026 11:08:00;09/02/2026 11:18:00;09/02/2026 11:09:00;00:10:00;01:30:00;00:20:00;00:05:00;00:10:00;Finalizado;Misto;Urgente;;;;Cliente Simulado C;;Ativo;5;5;;;09/02/2026 12:48:00
Suporte SAC;Bruno Lima;Empresa Simulada;Cliente 004;202600000322;Whatsapp;04/02/2026 16:43:00;04/02/2026 17:28:00;04/02/2026 16:45:00;00:45:00;00:45:00;00:30:00;00:08:00;00:10:00;Finalizado;Humano;Padrão;;;;Cliente Simulado C;;Ativo;2;4;202600000015.0;Rechamada;04/02/2026 18:13:00
Pós-venda;Gabriel Santos;Empresa Simulada;Cliente 006;202600000311;Whatsapp;05/02/2026 10:55:00;05/02/2026 10:58:00;05/02/2026 10:55:00;00:03:00;02:10:00;00:00:00;00:03:00;00:02:00;Finalizado;Automático;Normal;;;;Cliente Simulado A;;Receptivo;6;5;202600000084.0;Reincidente;05/02/2026 13:08:00
Suporte Técnico;Bruno Lima;Empresa Simulada;Cliente 004;202600000324;Telefone;05/02/2026 17:42:00;05/02/2026 20:42:00;05/02/2026 17:45:00;03:00:00;00:12:00;00:30:00;00:01:00;00:00:00;Finalizado;Automático;Normal;;;;Cliente Simulado C;;Receptivo;2;2;202600000092.0;Reincidente;05/02/2026 20:54:00
Pós-venda;Carla Mendes;Empresa Simulada;Cliente 003;202600000304;E-mail;16/01/2026 10:53:00;16/01/2026 13:53:00;16/01/2026 10:54:00;03:00:00;00:08:00;00:00:00;00:01:00;00:07:00;Finalizado;Humano;Urgente;1299.0;;;Cliente Simulado A;Registro simulado para estudo acadêmico;Receptivo;5;2;;Rechamada;16/01/2026 14:01:00
Dúvidas Gerais;Fernanda Alves;Empresa Simulada;Cliente 003;202600000301;Telefone;08/02/2026 12:07:00;08/02/2026 12:07:00;08/02/2026 12:10:00;00:00:00;00:12:00;00:05:00;00:01:00;00:00:00;Finalizado por inatividade;Automático;Padrão;1300.0;;;Cliente Simulado B;Registro simulado para estudo acadêmico;Receptivo;5;1;;;08/02/2026 12:19:00
Suporte SAC;Fernanda Alves;Empresa Simulada;Cliente 006;202600000312;E-mail;13/01/2026 16:07:00;13/01/2026 16:12:00;13/01/2026 16:07:00;00:05:00;00:20:00;00:05:00;00:01:00;00:00:00;Finalizado;Misto;Urgente;;;;Cliente Simulado C;;Ativo;1;7;202600000087.0;;13/01/2026 16:32:00
Atendimento Comercial;Gabriel Santos;Empresa Simulada;Cliente 007;202600000315;Portal;06/02/2026 14:12:00;06/02/2026 14:37:00;06/02/2026 14:14:00;00:25:00;00:50:00;00:00:00;00:08:00;00:02:00;Em atendimento;Automático;Padrão;;;;Cliente Simulado A;;Receptivo;5;4;202600000058.0;;-
Dúvidas Gerais;Fernanda Alves;Empresa Simulada;Cliente 001;202600000330;E-mail;18/01/2026 15:47:00;18/01/2026 16:02:00;18/01/2026 15:50:00;00:15:00;01:00:00;00:20:00;00:03:00;00:00:00;Finalizado;Humano;Padrão;;;;;;Ativo;6;1;;Reincidente;18/01/2026 17:02:00
Suporte Técnico;;Empresa Simulada;Cliente 005;202600000306;Telefone;31/01/2026 10:35:00;31/01/2026 11:00:00;31/01/2026 10:36:00;00:25:00;01:00:00;00:00:00;00:05:00;00:04:00;Finalizado;Automático;Urgente;1304.0;;;Cliente Simulado D;;Ativo;0;2;;Recorrente;31/01/2026 12:00:00
Suporte SAC;Fernanda Alves;Empresa Simulada;Cliente 006;202600000321;Telefone;12/01/2026 12:26:00;12/01/2026 12:27:00;12/01/2026 12:29:00;00:01:00;00:05:00;00:00:00;00:00:00;00:02:00;Transferido;Misto;Padrão;1305.0;;;Cliente Simulado D;;Receptivo;1;5;202600000066.0;;12/01/2026 12:32:00
Suporte SAC;Carla Mendes;Empresa Simulada;Cliente 003;202600000312;Portal;28/02/2026 12:10:00;28/02/2026 13:30:00;28/02/2026 12:10:00;01:20:00;01:30:00;00:20:00;00:00:00;00:02:00;Finalizado;Misto;Padrão;;;;Cliente Simulado C;;Ativo;3;2;;Rechamada;28/02/2026 15:00:00
Atendimento Comercial;Ana Souza;Empresa Simulada;Cliente 002;202600000319;Telefone;08/02/2026 13:55:00;08/02/2026 14:05:00;08/02/2026 13:57:00;00:10:00;00:45:00;00:00:00;00:05:00;00:07:00;Finalizado;Automático;Padrão;;;;Cliente Simulado C;;Ativo;3;2;;Rechamada;08/02/2026 14:50:00
Suporte Técnico;Carla Mendes;Empresa Simulada;Cliente 006;202600000324;Telefone;24/02/2026 16:39:00;24/02/2026 19:39:00;24/02/2026 16:39:00;03:00:00;00:08:00;00:00:00;00:00:00;00:00:00;Finalizado;Humano;Padrão;1308.0;;;;;Ativo;4;0;;Rechamada;24/02/2026 19:47:00
Suporte SAC;Ana Souza;Empresa Simulada;Cliente 001;202600000334;Portal;13/01/2026 10:44:00;13/01/2026 10:47:00;13/01/2026 10:46:00;00:03:00;00:12:00;00:00:00;00:03:00;00:10:00;Finalizado;Automático;Normal;;;;Cliente Simulado A;;Ativo;7;1;;;13/01/2026 10:59:00
Suporte Técnico;Ana Souza;Empresa Simulada;Cliente 001;202600000332;E-mail;24/01/2026 08:48:00;24/01/2026 08:48:00;24/01/2026 08:48:00;00:00:00;00:05:00;00:10:00;00:00:00;00:00:00;Transferido;Misto;Padrão;1310.0;;;Cliente Simulado C;;Ativo;3;1;202600000013.0;;24/01/2026 08:53:00
Atendimento Comercial;Fernanda Alves;Empresa Simulada;Cliente 007;202600000341;Portal;07/02/2026 11:45:00;07/02/2026 11:48:00;07/02/2026 11:47:00;00:03:00;02:10:00;00:00:00;00:08:00;00:00:00;Finalizado;Automático;Urgente;1311.0;;;Cliente Simulado B;;Ativo;2;5;;Rechamada;07/02/2026 13:58:00
Suporte Técnico;Gabriel Santos;Empresa Simulada;Cliente 003;202600000337;Whatsapp;06/02/2026 11:26:00;06/02/2026 11:26:00;06/02/2026 11:28:00;00:00:00;00:08:00;00:10:00;00:00:00;00:04:00;Finalizado;Humano;Padrão;;;;Cliente Simulado A;;Receptivo;7;4;;Rechamada;06/02/2026 11:34:00
Pós-venda;Gabriel Santos;Empresa Simulada;Cliente 001;202600000314;Portal;09/02/2026 14:18:00;09/02/2026 14:33:00;09/02/2026 14:19:00;00:15:00;00:20:00;00:20:00;00:01:00;00:00:00;Transferido;Automático;Urgente;1313.0;;;Cliente Simulado A;;Ativo;6;6;202600000089.0;;09/02/2026 14:53:00
Pós-venda;Carla Mendes;Empresa Simulada;Cliente 007;202600000338;Telefone;21/02/2026 10:04:00;21/02/2026 10:14:00;21/02/2026 10:05:00;00:10:00;01:00:00;00:00:00;00:00:00;00:04:00;Finalizado;Misto;Padrão;;;;Cliente Simulado D;Registro simulado para estudo acadêmico;Receptivo;7;4;;;21/02/2026 11:14:00
Suporte SAC;Diego Rocha;Empresa Simulada;Cliente 006;202600000317;Whatsapp;12/01/2026 12:31:00;12/01/2026 12:56:00;12/01/2026 12:32:00;00:25:00;00:05:00;00:00:00;00:00:00;00:10:00;Em atendimento;Humano;Padrão;1315.0;;;Cliente Simulado C;;Receptivo;1;1;202600000085.0;Recorrente;-
Suporte SAC;;Empresa Simulada;Cliente 001;202600000334;Portal;24/02/2026 15:12:00;24/02/2026 15:17:00;24/02/2026 15:15:00;00:05:00;00:30:00;00:10:00;00:01:00;00:07:00;Finalizado;Humano;Padrão;;;;Cliente Simulado C;;Receptivo;7;0;;Reincidente;24/02/2026 15:47:00
Pós-venda;Gabriel Santos;Empresa Simulada;Cliente 005;202600000339;Portal;19/02/2026 10:31:00;19/02/2026 10:46:00;19/02/2026 10:32:00;00:15:00;01:00:00;00:05:00;00:00:00;00:07:00;Finalizado;Automático;Urgente;;;;;;Receptivo;4;7;;Reincidente;19/02/2026 11:46:00
Dúvidas Gerais;Ana Souza;Empresa Simulada;Cliente 007;202600000344;Telefone;23/02/2026 12:20:00;23/02/2026 12:20:00;23/02/2026 12:20:00;00:00:00;00:05:00;00:30:00;00:01:00;00:02:00;Em atendimento;Automático;Normal;;;;Cliente Simulado C;;Receptivo;5;0;;Rechamada;-
Suporte Técnico;Ana Souza;Empresa Simulada;Cliente 004;202600000337;Portal;20/01/2026 12:37:00;20/01/2026 12:37:00;20/01/2026 12:37:00;00:00:00;00:02:00;00:00:00;00:00:00;00:00:00;Transferido;Misto;Urgente;;;;Cliente Simulado C;;Receptivo;0;5;202600000049.0;Recorrente;20/01/2026 12:39:00
